departamento_id,id,municipio_id,provincia_id
6014.0,6014030,60014.0,6
6063.0,6063030,60063.0,6
6063.0,6063040,60063.0,6
6063.0,6063050,60063.0,6
6063.0,6063060,60063.0,6
26007.0,26007010,-99.0,26
6014.0,6014040,60014.0,6
30015.0,30015090,-99.0,30
6070.0,6070010,60070.0,6
6084.0,6084020,60084.0,6
6070.0,6070020,60070.0,6
66126.0,66126010,-99.0,66
6021.0,6021010,60021.0,6
6021.0,6021020,60021.0,6
6070.0,6070030,60070.0,6
6070.0,6070040,60070.0,6
6077.0,6077010,60077.0,6
6077.0,6077020,60077.0,6
6077.0,6077030,60077.0,6
6084.0,6084010,60084.0,6
6084.0,6084030,60084.0,6
6084.0,6084040,60084.0,6
6021.0,6021030,60021.0,6
6021.0,6021040,60021.0,6
6021.0,6021050,60021.0,6
6021.0,6021060,60021.0,6
6021.0,6021070,60021.0,6
6028.0,6028010,60028.0,6
6035.0,6035010,60035.0,6
6042.0,6042010,60042.0,6
6042.0,6042020,60042.0,6
6042.0,6042030,60042.0,6
6042.0,6042040,60042.0,6
6049.0,6049010,60049.0,6
6049.0,6049020,60049.0,6
6049.0,6049030,60049.0,6
6049.0,6049040,60049.0,6
6049.0,6049050,60049.0,6
6056.0,6056010,60056.0,6
6056.0,6056020,60056.0,6
6056.0,6056030,60056.0,6
6063.0,6063010,60063.0,6
6063.0,6063020,60063.0,6
6084.0,6084050,60084.0,6
6091.0,6091010,60091.0,6
6098.0,6098010,60098.0,6
6105.0,6105010,60105.0,6
6105.0,6105020,60105.0,6
6105.0,6105040,60105.0,6
6105.0,6105050,60105.0,6
6105.0,6105060,60105.0,6
6105.0,6105070,60105.0,6
6105.0,6105080,60105.0,6
6112.0,6112005,60112.0,6
6112.0,6112010,60112.0,6
6112.0,6112020,60112.0,6
6112.0,6112030,60112.0,6
6112.0,6112040,60112.0,6
6112.0,6112050,60112.0,6
6112.0,6112060,60112.0,6
6007.0,6007010,60007.0,6
6007.0,6007020,60007.0,6
6007.0,6007030,60007.0,6
6007.0,6007040,60007.0,6
6007.0,6007050,60007.0,6
6007.0,6007060,60007.0,6
6007.0,6007070,60007.0,6
6007.0,6007080,60007.0,6
6007.0,6007100,60007.0,6
6007.0,6007110,60007.0,6
6014.0,6014010,60014.0,6
6014.0,6014020,60014.0,6
6112.0,6112070,60112.0,6
6112.0,6112080,60112.0,6
6112.0,6112090,60112.0,6
6119.0,6119010,60119.0,6
6119.0,6119015,60119.0,6
6119.0,6119020,60119.0,6
6119.0,6119030,60119.0,6
6119.0,6119040,60119.0,6
6119.0,6119045,60119.0,6
6119.0,6119050,60119.0,6
6119.0,6119055,60119.0,6
6119.0,6119060,60119.0,6
6119.0,6119070,60119.0,6
6119.0,6119080,60119.0,6
6119.0,6119085,60119.0,6
6119.0,6119090,60119.0,6
6126.0,6126010,60126.0,6
6126.0,6126020,60126.0,6
6126.0,6126030,60126.0,6
6126.0,6126035,60126.0,6
6126.0,6126040,60126.0,6
6134.0,6134010,60134.0,6
6134.0,6134020,60134.0,6
6134.0,6134030,60134.0,6
6134.0,6134040,60134.0,6
6134.0,6134050,60134.0,6
6134.0,6134060,60134.0,6
6134.0,6134070,60134.0,6
6134.0,6134080,60134.0,6
6140.0,6140010,60140.0,6
6140.0,6140020,60140.0,6
6147.0,6147010,60147.0,6
6147.0,6147020,60147.0,6
6147.0,6147030,60147.0,6
6147.0,6147040,60147.0,6
6147.0,6147050,60147.0,6
6147.0,6147060,60147.0,6
6147.0,6147070,60147.0,6
6147.0,6147080,60147.0,6
6147.0,6147090,60147.0,6
6147.0,6147095,60147.0,6
6147.0,6147100,60147.0,6
6154.0,6154010,60154.0,6
6154.0,6154020,60154.0,6
6154.0,6154030,60154.0,6
6154.0,6154040,60154.0,6
6154.0,6154050,60154.0,6
6161.0,6161010,60161.0,6
6161.0,6161020,60161.0,6
6161.0,6161030,60161.0,6
6168.0,6168010,60168.0,6
6168.0,6168020,60168.0,6
6168.0,6168030,60168.0,6
6175.0,6175010,60175.0,6
6175.0,6175020,60175.0,6
6175.0,6175030,60175.0,6
6175.0,6175040,60175.0,6
6182.0,6182010,60182.0,6
6182.0,6182020,60182.0,6
6182.0,6182025,60182.0,6
6182.0,6182030,60182.0,6
6182.0,6182050,60182.0,6
6189.0,6189010,60189.0,6
6189.0,6189020,60189.0,6
6189.0,6189030,60189.0,6
6189.0,6189040,60189.0,6
6189.0,6189050,60189.0,6
6189.0,6189060,60189.0,6
6189.0,6189070,60189.0,6
6189.0,6189075,60189.0,6
6189.0,6189080,60189.0,6
6196.0,6196010,60196.0,6
6196.0,6196020,60196.0,6
6196.0,6196030,60196.0,6
6196.0,6196040,60196.0,6
6196.0,6196050,60196.0,6
6203.0,6203010,60203.0,6
6203.0,6203020,60203.0,6
6203.0,6203030,60203.0,6
6203.0,6203040,60203.0,6
6203.0,6203050,60203.0,6
6203.0,6203060,60203.0,6
6203.0,6203070,60203.0,6
6203.0,6203080,60203.0,6
6203.0,6203090,60203.0,6
6203.0,6203100,60203.0,6
6210.0,6210010,60210.0,6
6210.0,6210020,60210.0,6
6210.0,6210030,60210.0,6
6210.0,6210040,60210.0,6
6210.0,6210050,60210.0,6
6217.0,6217003,60218.0,6
6217.0,6217010,60218.0,6
6217.0,6217015,60218.0,6
6217.0,6217020,60466.0,6
6217.0,6217030,60218.0,6
6224.0,6224005,60224.0,6
6224.0,6224010,60224.0,6
6224.0,6224020,60224.0,6
6224.0,6224030,60224.0,6
6224.0,6224040,60224.0,6
6224.0,6224050,60224.0,6
6224.0,6224060,60224.0,6
6224.0,6224070,60224.0,6
6231.0,6231010,60231.0,6
6231.0,6231020,60231.0,6
6231.0,6231030,60231.0,6
6231.0,6231040,60231.0,6
6231.0,6231060,60231.0,6
6238.0,6238010,60238.0,6
6238.0,6238020,60238.0,6
6245.0,6245010,60245.0,6
6252.0,6252010,60252.0,6
6260.0,6260010,60260.0,6
6266.0,6266010,60266.0,6
6266.0,6266020,60266.0,6
6266.0,6266030,60266.0,6
6266.0,6266040,60266.0,6
6266.0,6266050,60266.0,6
6266.0,6266060,60266.0,6
6270.0,6270010,60270.0,6
6274.0,6274010,60274.0,6
6277.0,6277010,60277.0,6
6277.0,6277020,60277.0,6
6277.0,6277030,60277.0,6
6280.0,6280005,60280.0,6
6280.0,6280010,60280.0,6
6280.0,6280020,60280.0,6
6280.0,6280030,60280.0,6
6280.0,6280040,60280.0,6
6287.0,6287010,60287.0,6
6294.0,6294010,60294.0,6
6294.0,6294020,60294.0,6
6294.0,6294030,60294.0,6
6294.0,6294040,60294.0,6
6294.0,6294050,60294.0,6
6294.0,6294060,60294.0,6
6294.0,6294070,60294.0,6
6301.0,6301010,60301.0,6
6301.0,6301020,60301.0,6
6308.0,6308010,60308.0,6
6308.0,6308020,60308.0,6
6315.0,6315010,60315.0,6
6322.0,6322010,60322.0,6
6322.0,6322020,60322.0,6
6322.0,6322030,60322.0,6
6322.0,6322040,60322.0,6
6322.0,6322050,60322.0,6
6329.0,6329010,60329.0,6
6329.0,6329020,60329.0,6
6329.0,6329030,60329.0,6
6329.0,6329050,60329.0,6
6329.0,6329060,60329.0,6
6336.0,6336020,60336.0,6
6336.0,6336030,60336.0,6
6343.0,6343010,60343.0,6
6343.0,6343020,60343.0,6
6343.0,6343030,60343.0,6
6343.0,6343040,60343.0,6
6351.0,6351010,60351.0,6
6351.0,6351020,60351.0,6
6351.0,6351030,60351.0,6
6351.0,6351035,60351.0,6
6351.0,6351040,60351.0,6
6351.0,6351050,60351.0,6
6357.0,6357020,60357.0,6
6357.0,6357050,60357.0,6
6357.0,6357060,60357.0,6
6357.0,6357070,60357.0,6
6357.0,6357080,60357.0,6
6357.0,6357090,60357.0,6
6357.0,6357100,60357.0,6
6357.0,6357110,60357.0,6
6357.0,6357120,60357.0,6
6364.0,6364030,60364.0,6
6371.0,6371010,60371.0,6
6385.0,6385010,60385.0,6
6385.0,6385020,60385.0,6
6385.0,6385030,60385.0,6
6385.0,6385040,60385.0,6
6385.0,6385050,60385.0,6
6392.0,6392010,60392.0,6
6392.0,6392020,60392.0,6
6392.0,6392030,60392.0,6
6392.0,6392040,60392.0,6
6392.0,6392050,60392.0,6
6392.0,6392060,60392.0,6
6392.0,6392070,60392.0,6
6392.0,6392080,60392.0,6
6392.0,6392090,60392.0,6
6392.0,6392100,60392.0,6
6392.0,6392110,60392.0,6
6392.0,6392120,60392.0,6
6399.0,6399010,60399.0,6
6399.0,6399020,60399.0,6
6399.0,6399030,60399.0,6
6399.0,6399040,60399.0,6
6399.0,6399050,60399.0,6
6406.0,6406010,60406.0,6
6406.0,6406020,60406.0,6
6408.0,6408010,60408.0,6
6410.0,6410010,60410.0,6
6412.0,6412010,60412.0,6
6413.0,6413010,60413.0,6
6413.0,6413020,60413.0,6
6413.0,6413030,60413.0,6
6413.0,6413040,60413.0,6
6413.0,6413050,60413.0,6
6413.0,6413055,60413.0,6
6413.0,6413060,60413.0,6
6413.0,6413070,60413.0,6
6413.0,6413080,60413.0,6
6420.0,6420010,60420.0,6
6420.0,6420020,60420.0,6
6420.0,6420030,60420.0,6
6420.0,6420040,60420.0,6
6427.0,6427010,60427.0,6
6434.0,6434010,60434.0,6
6441.0,6441010,60441.0,6
6441.0,6441020,60441.0,6
6441.0,6441030,60441.0,6
6441.0,6441040,60441.0,6
6441.0,6441050,60441.0,6
6448.0,6448010,60448.0,6
6448.0,6448020,60448.0,6
6448.0,6448030,60448.0,6
6455.0,6455010,60455.0,6
6455.0,6455020,60455.0,6
6455.0,6455030,60455.0,6
6455.0,6455040,60455.0,6
6462.0,6462010,60462.0,6
6462.0,6462020,60462.0,6
6462.0,6462030,60462.0,6
6462.0,6462040,60462.0,6
6462.0,6462050,60462.0,6
6462.0,6462060,60462.0,6
6469.0,6469010,60469.0,6
6469.0,6469020,60469.0,6
6469.0,6469030,60469.0,6
6469.0,6469040,60469.0,6
6469.0,6469050,60469.0,6
6469.0,6469060,60469.0,6
6469.0,6469070,60469.0,6
6469.0,6469080,60469.0,6
6469.0,6469090,60469.0,6
6469.0,6469100,60469.0,6
6469.0,6469110,60469.0,6
6476.0,6476010,60476.0,6
6476.0,6476020,60476.0,6
6476.0,6476030,60476.0,6
6476.0,6476040,60476.0,6
6476.0,6476050,60476.0,6
6476.0,6476060,60476.0,6
6483.0,6483010,60483.0,6
6483.0,6483020,60483.0,6
6483.0,6483030,60483.0,6
6483.0,6483040,60483.0,6
6483.0,6483050,60483.0,6
6490.0,6490010,60490.0,6
6497.0,6497020,60497.0,6
6497.0,6497025,60497.0,6
6497.0,6497060,60497.0,6
6497.0,6497070,60497.0,6
6497.0,6497090,60497.0,6
6505.0,6505010,60505.0,6
6505.0,6505020,60505.0,6
6505.0,6505030,60505.0,6
6505.0,6505040,60505.0,6
6505.0,6505050,60505.0,6
6505.0,6505060,60505.0,6
6511.0,6511010,60511.0,6
6511.0,6511020,60511.0,6
6511.0,6511030,60511.0,6
6515.0,6515010,60515.0,6
6518.0,6518010,60518.0,6
6518.0,6518020,60518.0,6
6518.0,6518030,60518.0,6
6518.0,6518040,60518.0,6
6518.0,6518050,60518.0,6
6518.0,6518060,60518.0,6
6518.0,6518070,60518.0,6
6525.0,6525010,60525.0,6
6525.0,6525020,60525.0,6
6532.0,6532005,60532.0,6
6532.0,6532010,60532.0,6
6532.0,6532020,60532.0,6
6532.0,6532030,60532.0,6
6539.0,6539010,60539.0,6
6547.0,6547010,60547.0,6
6547.0,6547020,60547.0,6
6547.0,6547030,60547.0,6
6553.0,6553010,60553.0,6
6553.0,6553020,60553.0,6
6560.0,6560010,60560.0,6
6568.0,6568010,60568.0,6
6574.0,6574010,60574.0,6
6574.0,6574020,60574.0,6
6574.0,6574030,60574.0,6
6574.0,6574040,60574.0,6
6581.0,6581010,60581.0,6
6581.0,6581025,60581.0,6
6581.0,6581030,60581.0,6
6581.0,6581040,60581.0,6
6581.0,6581050,60581.0,6
6581.0,6581060,60581.0,6
6588.0,6588010,60588.0,6
6588.0,6588020,60588.0,6
6588.0,6588030,60588.0,6
6588.0,6588040,60588.0,6
6588.0,6588050,60588.0,6
6588.0,6588060,60588.0,6
6588.0,6588070,60588.0,6
6588.0,6588080,60588.0,6
6588.0,6588090,60588.0,6
6588.0,6588100,60588.0,6
6588.0,6588110,60588.0,6
6588.0,6588120,60588.0,6
6595.0,6595010,60595.0,6
6595.0,6595030,60595.0,6
6595.0,6595040,60595.0,6
6595.0,6595050,60595.0,6
6595.0,6595060,60595.0,6
6595.0,6595070,60595.0,6
6595.0,6595080,60595.0,6
6595.0,6595090,60595.0,6
6595.0,6595100,60595.0,6
6595.0,6595110,60595.0,6
6595.0,6595120,60595.0,6
6595.0,6595130,60595.0,6
6602.0,6602010,60602.0,6
6602.0,6602020,60602.0,6
6602.0,6602030,60602.0,6
6602.0,6602040,60602.0,6
6602.0,6602050,60602.0,6
6602.0,6602060,60602.0,6
6602.0,6602070,60602.0,6
6609.0,6609010,60609.0,6
6609.0,6609020,60609.0,6
6609.0,6609030,60609.0,6
6609.0,6609035,60609.0,6
6609.0,6609040,60609.0,6
6609.0,6609050,60609.0,6
6609.0,6609060,60609.0,6
6609.0,6609070,60609.0,6
6609.0,6609080,60609.0,6
6609.0,6609090,60609.0,6
6616.0,6616010,60616.0,6
6616.0,6616020,60616.0,6
6616.0,6616030,60616.0,6
6623.0,6623010,60623.0,6
6623.0,6623020,60623.0,6
6623.0,6623030,60623.0,6
6623.0,6623040,60623.0,6
6623.0,6623050,60623.0,6
6623.0,6623060,60623.0,6
6623.0,6623070,60623.0,6
6623.0,6623080,60623.0,6
6623.0,6623090,60623.0,6
6623.0,6623100,60623.0,6
6623.0,6623110,60623.0,6
6623.0,6623120,60623.0,6
6623.0,6623130,60623.0,6
6623.0,6623140,60623.0,6
6630.0,6630010,60630.0,6
6630.0,6630020,60630.0,6
6638.0,6638040,60638.0,6
6644.0,6644010,60644.0,6
6648.0,6648010,60648.0,6
6651.0,6651010,60651.0,6
6651.0,6651020,60651.0,6
6651.0,6651030,60651.0,6
6651.0,6651040,60651.0,6
6651.0,6651050,60651.0,6
6651.0,6651060,60651.0,6
6651.0,6651070,60651.0,6
6651.0,6651080,60651.0,6
6651.0,6651090,60651.0,6
6651.0,6651100,60651.0,6
6651.0,6651110,60651.0,6
6655.0,6655030,60655.0,6
6655.0,6655040,60655.0,6
6655.0,6655010,60655.0,6
6655.0,6655050,60655.0,6
6658.0,6658010,60658.0,6
6665.0,6665010,60665.0,6
6665.0,6665020,60665.0,6
6665.0,6665030,60665.0,6
6665.0,6665040,60665.0,6
6665.0,6665050,60665.0,6
6665.0,6665060,60665.0,6
6672.0,6672010,60672.0,6
6679.0,6679010,60679.0,6
6679.0,6679020,60679.0,6
6679.0,6679030,60679.0,6
6679.0,6679040,60679.0,6
6679.0,6679050,60679.0,6
6679.0,6679060,60679.0,6
6679.0,6679070,60679.0,6
6679.0,6679080,60679.0,6
6686.0,6686010,60686.0,6
6686.0,6686020,60686.0,6
6686.0,6686030,60686.0,6
6686.0,6686040,60686.0,6
6686.0,6686050,60686.0,6
6686.0,6686060,60686.0,6
6686.0,6686070,60686.0,6
6686.0,6686080,60686.0,6
6693.0,6693010,60693.0,6
6693.0,6693020,60693.0,6
6700.0,6700010,60700.0,6
6700.0,6700020,60700.0,6
6700.0,6700030,60700.0,6
6700.0,6700040,60700.0,6
6700.0,6700050,60700.0,6
6700.0,6700055,60700.0,6
6700.0,6700060,60700.0,6
6700.0,6700070,60700.0,6
6707.0,6707010,60707.0,6
6707.0,6707030,60707.0,6
6707.0,6707040,60707.0,6
6707.0,6707050,60707.0,6
6707.0,6707060,60707.0,6
6714.0,6714010,60714.0,6
6714.0,6714020,60714.0,6
6714.0,6714030,60714.0,6
6714.0,6714040,60714.0,6
6714.0,6714050,60714.0,6
6714.0,6714060,60714.0,6
6721.0,6721010,60721.0,6
6721.0,6721020,60721.0,6
6728.0,6728010,60728.0,6
6728.0,6728020,60728.0,6
6728.0,6728030,60728.0,6
6728.0,6728040,60728.0,6
6728.0,6728050,60728.0,6
6728.0,6728060,60728.0,6
6728.0,6728070,60728.0,6
6735.0,6735010,60735.0,6
6735.0,6735020,60735.0,6
6735.0,6735030,60735.0,6
6742.0,6742010,60742.0,6
6742.0,6742020,60742.0,6
6742.0,6742030,60742.0,6
6749.0,6749010,60749.0,6
6756.0,6756010,60756.0,6
6760.0,6760010,60760.0,6
6763.0,6763010,60763.0,6
6763.0,6763020,60763.0,6
6763.0,6763030,60763.0,6
6763.0,6763040,60763.0,6
6763.0,6763050,60763.0,6
6763.0,6763060,60763.0,6
6770.0,6770010,60770.0,6
6770.0,6770015,60770.0,6
6770.0,6770020,60770.0,6
6770.0,6770030,60770.0,6
6770.0,6770040,60770.0,6
6770.0,6770050,60770.0,6
6770.0,6770060,60770.0,6
6778.0,6778020,60778.0,6
6784.0,6784010,60784.0,6
6784.0,6784020,60784.0,6
6791.0,6791010,60791.0,6
6791.0,6791030,60791.0,6
6791.0,6791040,60791.0,6
6791.0,6791050,60791.0,6
6798.0,6798010,60798.0,6
6798.0,6798020,60798.0,6
6798.0,6798030,60798.0,6
6805.0,6805010,60805.0,6
6812.0,6812010,60812.0,6
6819.0,6819010,60819.0,6
6819.0,6819020,60819.0,6
6819.0,6819030,60819.0,6
6819.0,6819040,60819.0,6
6819.0,6819050,60819.0,6
6819.0,6819060,60819.0,6
6819.0,6819070,60819.0,6
6826.0,6826010,60826.0,6
6826.0,6826020,60231.0,6
6826.0,6826030,60826.0,6
6826.0,6826040,60826.0,6
6826.0,6826050,60826.0,6
6826.0,6826060,60826.0,6
6833.0,6833010,60833.0,6
6833.0,6833020,60833.0,6
6833.0,6833030,60833.0,6
6833.0,6833040,60833.0,6
6833.0,6833050,60833.0,6
6833.0,6833060,60833.0,6
6833.0,6833070,60833.0,6
6833.0,6833080,60833.0,6
6833.0,6833090,60833.0,6
6833.0,6833100,60833.0,6
6833.0,6833110,60833.0,6
6840.0,6840010,60840.0,6
6847.0,6847010,60847.0,6
6847.0,6847020,60847.0,6
6854.0,6854010,60854.0,6
6854.0,6854020,60854.0,6
6854.0,6854030,60854.0,6
6854.0,6854040,60854.0,6
6854.0,6854050,60854.0,6
6854.0,6854060,60854.0,6
6854.0,6854070,60854.0,6
6854.0,6854080,60854.0,6
6854.0,6854090,60854.0,6
6854.0,6854100,60854.0,6
6861.0,6861010,60861.0,6
6868.0,6868010,60868.0,6
6868.0,6868020,60868.0,6
6875.0,6875010,60875.0,6
6875.0,6875020,60875.0,6
6875.0,6875025,60875.0,6
6875.0,6875030,60875.0,6
6875.0,6875040,60875.0,6
6875.0,6875050,60875.0,6
6875.0,6875060,60875.0,6
6875.0,6875070,60875.0,6
6875.0,6875080,60875.0,6
6882.0,6882020,60882.0,6
6882.0,6882030,60882.0,6
6882.0,6882050,60882.0,6
10007.0,10007010,100028.0,10
10007.0,10007020,100014.0,10
10007.0,10007030,100028.0,10
10007.0,10007040,100007.0,10
10007.0,10007050,100014.0,10
10007.0,10007060,100014.0,10
10007.0,10007070,100028.0,10
10007.0,10007080,100021.0,10
10007.0,10007090,100028.0,10
10007.0,10007100,100028.0,10
10007.0,10007110,100028.0,10
10007.0,10007120,100028.0,10
10014.0,10014010,100035.0,10
10014.0,10014020,100035.0,10
10014.0,10014030,100035.0,10
10014.0,10014040,100035.0,10
10021.0,10021010,100049.0,10
10021.0,10021020,100049.0,10
10021.0,10021030,100049.0,10
10021.0,10021040,100049.0,10
10021.0,10021050,100042.0,10
10021.0,10021060,100042.0,10
10021.0,10021070,100049.0,10
10021.0,10021080,100049.0,10
10028.0,10028010,100056.0,10
10028.0,10028020,100056.0,10
10028.0,10028030,100056.0,10
10028.0,10028040,100056.0,10
10035.0,10035010,100119.0,10
10035.0,10035020,100063.0,10
10035.0,10035030,100091.0,10
10035.0,10035040,100070.0,10
10035.0,10035050,100098.0,10
6882.0,6882040,60882.0,6
10035.0,10035060,100077.0,10
10035.0,10035070,100077.0,10
10035.0,10035080,100098.0,10
10035.0,10035090,100063.0,10
10035.0,10035100,100091.0,10
10035.0,10035110,100084.0,10
10035.0,10035120,100077.0,10
10035.0,10035130,100098.0,10
10035.0,10035140,100105.0,10
10035.0,10035150,100119.0,10
10042.0,10042010,100126.0,10
10042.0,10042020,100126.0,10
10042.0,10042030,100126.0,10
10042.0,10042040,100126.0,10
10042.0,10042050,100133.0,10
10042.0,10042060,100133.0,10
10042.0,10042070,100126.0,10
10042.0,10042080,100133.0,10
10042.0,10042090,100133.0,10
10042.0,10042100,100133.0,10
10042.0,10042110,100133.0,10
10042.0,10042120,100133.0,10
10042.0,10042130,100126.0,10
10042.0,10042140,100133.0,10
10042.0,10042150,100126.0,10
10049.0,10049020,100140.0,10
10049.0,10049030,100140.0,10
10056.0,10056010,100147.0,10
10056.0,10056020,100147.0,10
10056.0,10056030,100147.0,10
10056.0,10056040,100147.0,10
10056.0,10056050,100154.0,10
10056.0,10056060,100147.0,10
10063.0,10063010,100161.0,10
10063.0,10063020,100161.0,10
10063.0,10063030,100161.0,10
10063.0,10063040,100161.0,10
10063.0,10063050,100161.0,10
10070.0,10070010,100175.0,10
10070.0,10070020,100175.0,10
10070.0,10070030,100175.0,10
10070.0,10070040,100175.0,10
10070.0,10070050,100175.0,10
10070.0,10070060,100175.0,10
10070.0,10070070,100168.0,10
10070.0,10070080,100175.0,10
10070.0,10070090,100175.0,10
10070.0,10070100,100168.0,10
10070.0,10070110,-99.0,10
10070.0,10070120,100168.0,10
10070.0,10070130,100175.0,10
10070.0,10070140,100175.0,10
10070.0,10070150,100168.0,10
10077.0,10077010,100182.0,10
10077.0,10077020,100182.0,10
10077.0,10077030,100182.0,10
10077.0,10077040,100182.0,10
10077.0,10077050,100182.0,10
10077.0,10077060,100182.0,10
10077.0,10077070,100182.0,10
10077.0,10077080,100182.0,10
10077.0,10077090,100182.0,10
10077.0,10077100,100182.0,10
10077.0,10077110,100182.0,10
10084.0,10084010,100185.0,10
10084.0,10084020,100185.0,10
10084.0,10084030,100196.0,10
10084.0,10084040,100189.0,10
10084.0,10084050,100196.0,10
10084.0,10084060,100185.0,10
10084.0,10084070,100189.0,10
10084.0,10084080,100196.0,10
10084.0,10084090,100196.0,10
10084.0,10084100,100196.0,10
10084.0,10084110,100196.0,10
10091.0,10091010,100203.0,10
10091.0,10091020,100210.0,10
10091.0,10091030,100210.0,10
10091.0,10091040,100210.0,10
10091.0,10091050,100203.0,10
10091.0,10091060,100210.0,10
10091.0,10091070,100203.0,10
10091.0,10091080,100210.0,10
10091.0,10091090,100203.0,10
10091.0,10091100,100203.0,10
10091.0,10091110,100210.0,10
10091.0,10091120,100210.0,10
10091.0,10091130,100203.0,10
10091.0,10091140,100203.0,10
10091.0,10091150,100210.0,10
10091.0,10091160,100203.0,10
10098.0,10098010,100213.0,10
10098.0,10098020,100217.0,10
10098.0,10098030,100217.0,10
10098.0,10098040,100217.0,10
10098.0,10098050,100213.0,10
10098.0,10098060,100213.0,10
10098.0,10098070,100217.0,10
10105.0,10105010,100231.0,10
10105.0,10105020,100224.0,10
10105.0,10105030,100231.0,10
10105.0,10105040,100231.0,10
10105.0,10105050,100231.0,10
10105.0,10105060,100231.0,10
10105.0,10105070,100231.0,10
10105.0,10105080,100231.0,10
10105.0,10105090,100231.0,10
10105.0,10105100,100231.0,10
10105.0,10105110,100224.0,10
10105.0,10105120,100231.0,10
10105.0,10105130,100224.0,10
10105.0,10105140,100224.0,10
10105.0,10105150,100224.0,10
10105.0,10105160,100224.0,10
10105.0,10105170,100224.0,10
10105.0,10105180,100231.0,10
10112.0,10112010,100238.0,10
10112.0,10112020,100238.0,10
10112.0,10112030,100238.0,10
10112.0,10112040,100238.0,10
10112.0,10112050,100238.0,10
14007.0,14007010,142007.0,14
14007.0,14007020,-99.0,14
14007.0,14007030,142021.0,14
14007.0,14007040,140049.0,14
14007.0,14007050,140063.0,14
14007.0,14007055,140070.0,14
14007.0,14007060,140007.0,14
14007.0,14007070,140014.0,14
14007.0,14007080,143015.0,14
14007.0,14007090,142028.0,14
14007.0,14007100,142035.0,14
14007.0,14007110,140021.0,14
14007.0,14007120,142042.0,14
14007.0,14007130,142049.0,14
14007.0,14007140,142056.0,14
14007.0,14007160,142014.0,14
14007.0,14007170,140028.0,14
14007.0,14007180,140056.0,14
14007.0,14007190,142063.0,14
14007.0,14007210,140035.0,14
14007.0,14007220,142070.0,14
14007.0,14007230,142084.0,14
14007.0,14007240,-99.0,14
14007.0,14007250,142077.0,14
14007.0,14007260,143015.0,14
14007.0,14007270,142084.0,14
14007.0,14007290,140042.0,14
14007.0,14007300,-99.0,14
14007.0,14007310,140049.0,14
14007.0,14007320,142091.0,14
14007.0,14007330,142091.0,14
14007.0,14007340,140063.0,14
14007.0,14007360,140070.0,14
14014.0,14014010,140077.0,14
14021.0,14021010,140084.0,14
14021.0,14021020,140126.0,14
14021.0,14021025,140147.0,14
14021.0,14021030,142105.0,14
14021.0,14021040,140119.0,14
14021.0,14021050,140091.0,14
14021.0,14021060,140098.0,14
14021.0,14021070,142098.0,14
14021.0,14021075,140133.0,14
14021.0,14021080,-99.0,14
14021.0,14021090,140175.0,14
14021.0,14021110,142105.0,14
14021.0,14021120,140098.0,14
14021.0,14021130,142112.0,14
14021.0,14021140,140112.0,14
14021.0,14021150,140119.0,14
14021.0,14021160,140126.0,14
14021.0,14021165,140175.0,14
14021.0,14021170,140098.0,14
14021.0,14021175,140168.0,14
14021.0,14021180,140126.0,14
14021.0,14021190,140133.0,14
14021.0,14021200,140140.0,14
14021.0,14021210,142119.0,14
14021.0,14021220,140147.0,14
14021.0,14021230,140147.0,14
14021.0,14021240,140154.0,14
14021.0,14021250,140161.0,14
14021.0,14021260,140098.0,14
14021.0,14021270,142728.0,14
14021.0,14021280,140168.0,14
14021.0,14021290,140175.0,14
14021.0,14021300,142126.0,14
14021.0,14021310,140077.0,14
14021.0,14021320,140105.0,14
14028.0,14028010,142133.0,14
14028.0,14028020,142140.0,14
14028.0,14028030,-99.0,14
14028.0,14028040,142147.0,14
14028.0,14028050,140182.0,14
14028.0,14028060,142154.0,14
14028.0,14028070,-99.0,14
14028.0,14028080,142161.0,14
14028.0,14028090,140189.0,14
14028.0,14028100,-99.0,14
14028.0,14028110,142175.0,14
14028.0,14028120,-99.0,14
14028.0,14028130,142189.0,14
14028.0,14028140,142819.0,14
14028.0,14028150,142203.0,14
14028.0,14028160,-99.0,14
14028.0,14028170,140189.0,14
14028.0,14028180,140196.0,14
14028.0,14028190,142217.0,14
14028.0,14028200,140203.0,14
14035.0,14035010,140217.0,14
14035.0,14035020,-99.0,14
14035.0,14035030,140210.0,14
14035.0,14035040,140224.0,14
14035.0,14035050,140231.0,14
14035.0,14035060,140245.0,14
14035.0,14035070,142224.0,14
14035.0,14035080,142231.0,14
14035.0,14035090,142238.0,14
14035.0,14035100,142245.0,14
14035.0,14035110,140238.0,14
14035.0,14035120,140252.0,14
14035.0,14035130,141120.0,14
14035.0,14035140,140259.0,14
14042.0,14042010,-99.0,14
14042.0,14042020,140273.0,14
14042.0,14042030,140280.0,14
14042.0,14042040,140287.0,14
14042.0,14042050,140294.0,14
14042.0,14042060,140301.0,14
14042.0,14042070,140308.0,14
14042.0,14042080,140315.0,14
14042.0,14042090,-99.0,14
14042.0,14042100,140322.0,14
14042.0,14042110,140329.0,14
14042.0,14042120,140280.0,14
14042.0,14042130,140336.0,14
14042.0,14042140,140343.0,14
14042.0,14042150,140350.0,14
14042.0,14042160,140357.0,14
14042.0,14042170,140357.0,14
14042.0,14042180,140364.0,14
14042.0,14042190,140364.0,14
14049.0,14049010,142259.0,14
14049.0,14049020,142266.0,14
14049.0,14049030,142273.0,14
14049.0,14049040,-99.0,14
14049.0,14049050,140371.0,14
14049.0,14049060,142294.0,14
14049.0,14049080,142287.0,14
14049.0,14049090,142294.0,14
14049.0,14049100,140378.0,14
14049.0,14049110,-99.0,14
14049.0,14049120,-99.0,14
14049.0,14049130,140378.0,14
14056.0,14056010,140385.0,14
14056.0,14056020,142308.0,14
14056.0,14056030,140392.0,14
14056.0,14056040,140399.0,14
14056.0,14056050,140406.0,14
14056.0,14056060,142315.0,14
14056.0,14056070,140413.0,14
14056.0,14056080,140420.0,14
14056.0,14056090,140427.0,14
14056.0,14056100,140434.0,14
14056.0,14056110,140441.0,14
14056.0,14056120,140448.0,14
14056.0,14056130,142322.0,14
14056.0,14056140,142329.0,14
14056.0,14056150,140462.0,14
14056.0,14056160,140469.0,14
14056.0,14056170,140455.0,14
14063.0,14063010,140476.0,14
14063.0,14063020,140483.0,14
14063.0,14063030,140490.0,14
14063.0,14063040,140497.0,14
14063.0,14063050,140504.0,14
14063.0,14063060,142336.0,14
14063.0,14063070,140511.0,14
14063.0,14063080,-99.0,14
14063.0,14063090,140518.0,14
14063.0,14063100,140525.0,14
14063.0,14063110,140532.0,14
14063.0,14063120,140539.0,14
14063.0,14063130,140546.0,14
14063.0,14063140,140553.0,14
14063.0,14063150,140560.0,14
14063.0,14063160,140567.0,14
14063.0,14063170,140574.0,14
14063.0,14063180,140581.0,14
14063.0,14063190,140588.0,14
14063.0,14063210,140595.0,14
14063.0,14063220,142343.0,14
14063.0,14063230,-99.0,14
14070.0,14070010,142357.0,14
14070.0,14070020,142364.0,14
14070.0,14070030,142371.0,14
14070.0,14070040,142378.0,14
14070.0,14070050,142385.0,14
14070.0,14070060,140602.0,14
14070.0,14070070,142392.0,14
14070.0,14070080,142399.0,14
14077.0,14077010,142406.0,14
14077.0,14077020,-99.0,14
14077.0,14077030,142434.0,14
14077.0,14077040,140609.0,14
14077.0,14077050,142427.0,14
14077.0,14077060,142434.0,14
14077.0,14077070,140609.0,14
14077.0,14077080,142441.0,14
14084.0,14084010,140616.0,14
14084.0,14084020,140623.0,14
14084.0,14084030,140630.0,14
14084.0,14084040,142448.0,14
14084.0,14084050,140637.0,14
14084.0,14084060,142455.0,14
14084.0,14084070,140644.0,14
14084.0,14084080,142462.0,14
14084.0,14084090,140651.0,14
14084.0,14084100,140658.0,14
14091.0,14091010,140672.0,14
14091.0,14091020,140665.0,14
14091.0,14091030,142469.0,14
14091.0,14091040,140672.0,14
14091.0,14091050,142476.0,14
14091.0,14091060,142483.0,14
14091.0,14091070,140679.0,14
14091.0,14091080,142490.0,14
14091.0,14091090,142497.0,14
14091.0,14091100,140686.0,14
14091.0,14091110,140693.0,14
14091.0,14091120,140700.0,14
14091.0,14091130,142511.0,14
14091.0,14091140,140707.0,14
14091.0,14091150,140721.0,14
14091.0,14091160,142504.0,14
14091.0,14091170,140679.0,14
14091.0,14091180,142511.0,14
14091.0,14091190,140714.0,14
14091.0,14091200,142518.0,14
14091.0,14091210,140721.0,14
14091.0,14091220,142525.0,14
14091.0,14091230,140728.0,14
14091.0,14091240,140735.0,14
14091.0,14091250,140742.0,14
14091.0,14091260,140728.0,14
14091.0,14091270,140749.0,14
14091.0,14091280,142539.0,14
14091.0,14091290,142532.0,14
14091.0,14091300,142546.0,14
14091.0,14091310,140721.0,14
14091.0,14091320,142539.0,14
14098.0,14098010,140756.0,14
14098.0,14098020,140763.0,14
14098.0,14098030,140770.0,14
14098.0,14098040,140777.0,14
14098.0,14098050,140784.0,14
14098.0,14098060,140791.0,14
14098.0,14098070,140798.0,14
14098.0,14098080,142553.0,14
14098.0,14098090,140805.0,14
14098.0,14098100,140812.0,14
14098.0,14098110,140819.0,14
14098.0,14098120,142560.0,14
14098.0,14098130,140826.0,14
14098.0,14098140,-99.0,14
14098.0,14098150,140833.0,14
14098.0,14098160,142567.0,14
14098.0,14098170,140840.0,14
14098.0,14098180,142574.0,14
14098.0,14098190,140847.0,14
14098.0,14098200,142581.0,14
14098.0,14098210,140854.0,14
14098.0,14098220,-99.0,14
14098.0,14098230,140861.0,14
14098.0,14098240,140868.0,14
14098.0,14098250,140875.0,14
14098.0,14098260,140882.0,14
14098.0,14098270,142588.0,14
14098.0,14098280,140889.0,14
14098.0,14098290,140896.0,14
14098.0,14098300,142595.0,14
14098.0,14098310,140777.0,14
14098.0,14098320,142602.0,14
14105.0,14105010,-99.0,14
14105.0,14105020,142616.0,14
14105.0,14105030,142623.0,14
14105.0,14105040,-99.0,14
14105.0,14105050,-99.0,14
14105.0,14105060,142651.0,14
14105.0,14105070,-99.0,14
14105.0,14105080,142658.0,14
14105.0,14105090,142665.0,14
14105.0,14105100,142672.0,14
14105.0,14105110,140903.0,14
14105.0,14105120,142679.0,14
14105.0,14105130,140910.0,14
14105.0,14105140,142686.0,14
14105.0,14105150,-99.0,14
14105.0,14105160,142700.0,14
14105.0,14105170,142707.0,14
14105.0,14105180,-99.0,14
14105.0,14105190,140917.0,14
14105.0,14105200,140924.0,14
14105.0,14105210,140931.0,14
14105.0,14105220,142714.0,14
14105.0,14105230,142644.0,14
14105.0,14105240,140938.0,14
14105.0,14105250,-99.0,14
14105.0,14105260,140945.0,14
14105.0,14105270,140952.0,14
14112.0,14112010,142735.0,14
14112.0,14112020,-99.0,14
14112.0,14112030,142749.0,14
14112.0,14112040,142756.0,14
14112.0,14112050,-99.0,14
14112.0,14112060,142770.0,14
14112.0,14112070,-99.0,14
14112.0,14112080,142784.0,14
14112.0,14112090,142756.0,14
14112.0,14112100,142791.0,14
14112.0,14112110,140959.0,14
14112.0,14112120,142798.0,14
14112.0,14112130,140966.0,14
14119.0,14119010,140973.0,14
14119.0,14119020,140980.0,14
14119.0,14119030,140987.0,14
14119.0,14119040,140994.0,14
14119.0,14119050,141001.0,14
14119.0,14119060,142805.0,14
14119.0,14119070,141008.0,14
14119.0,14119080,142812.0,14
14119.0,14119090,141015.0,14
14119.0,14119100,141022.0,14
14119.0,14119110,142196.0,14
14119.0,14119120,141029.0,14
14119.0,14119130,141036.0,14
14119.0,14119140,141043.0,14
14119.0,14119150,141050.0,14
14119.0,14119160,141057.0,14
14119.0,14119170,141064.0,14
14119.0,14119180,142826.0,14
14119.0,14119190,141071.0,14
14119.0,14119200,141078.0,14
14119.0,14119210,141085.0,14
14126.0,14126010,142833.0,14
14126.0,14126020,142840.0,14
14126.0,14126030,142847.0,14
14126.0,14126040,-99.0,14
14126.0,14126050,142847.0,14
14126.0,14126060,-99.0,14
14126.0,14126070,142854.0,14
14126.0,14126080,141106.0,14
14126.0,14126090,141092.0,14
14126.0,14126100,-99.0,14
14126.0,14126110,141099.0,14
14126.0,14126120,142861.0,14
14126.0,14126130,142847.0,14
14126.0,14126140,142868.0,14
14126.0,14126150,-99.0,14
14126.0,14126160,141106.0,14
14126.0,14126170,142875.0,14
14126.0,14126180,142882.0,14
14126.0,14126190,-99.0,14
14126.0,14126200,141113.0,14
14126.0,14126210,142252.0,14
14133.0,14133010,142889.0,14
14133.0,14133030,141127.0,14
14133.0,14133040,142917.0,14
14133.0,14133050,142917.0,14
14133.0,14133060,141127.0,14
14133.0,14133070,142896.0,14
14133.0,14133080,141127.0,14
14133.0,14133090,142924.0,14
14133.0,14133095,141127.0,14
14133.0,14133100,142903.0,14
14133.0,14133105,141127.0,14
14133.0,14133110,142910.0,14
14133.0,14133120,142917.0,14
14133.0,14133130,141148.0,14
14133.0,14133150,142924.0,14
14133.0,14133155,141127.0,14
14133.0,14133160,141148.0,14
14133.0,14133170,141134.0,14
14133.0,14133180,141141.0,14
14133.0,14133190,141148.0,14
14133.0,14133200,141155.0,14
14133.0,14133210,141148.0,14
14140.0,14140010,141162.0,14
14140.0,14140020,141169.0,14
14140.0,14140030,141176.0,14
14140.0,14140040,141183.0,14
14140.0,14140050,141190.0,14
14140.0,14140060,-99.0,14
14140.0,14140070,-99.0,14
14140.0,14140080,142945.0,14
14140.0,14140090,141197.0,14
14140.0,14140100,141204.0,14
14140.0,14140110,141211.0,14
14140.0,14140120,142952.0,14
14140.0,14140130,141204.0,14
14140.0,14140140,142959.0,14
14140.0,14140150,141218.0,14
14140.0,14140160,141225.0,14
14140.0,14140170,141232.0,14
14140.0,14140180,141239.0,14
14140.0,14140190,141176.0,14
14140.0,14140200,141246.0,14
14140.0,14140210,142966.0,14
14140.0,14140215,142938.0,14
14140.0,14140220,141253.0,14
14140.0,14140230,141260.0,14
14140.0,14140240,141267.0,14
14140.0,14140250,141274.0,14
14140.0,14140260,141281.0,14
14140.0,14140270,141288.0,14
14140.0,14140280,141295.0,14
14140.0,14140290,141302.0,14
14140.0,14140300,141309.0,14
14140.0,14140310,142966.0,14
14140.0,14140320,141337.0,14
14140.0,14140330,141316.0,14
14140.0,14140340,141323.0,14
14140.0,14140350,141330.0,14
14140.0,14140360,141337.0,14
14140.0,14140370,141344.0,14
14140.0,14140380,141351.0,14
14140.0,14140390,142973.0,14
14140.0,14140400,141358.0,14
14140.0,14140420,141365.0,14
14140.0,14140430,141358.0,14
14140.0,14140440,142980.0,14
14147.0,14147010,141372.0,14
14147.0,14147020,142987.0,14
14147.0,14147030,141393.0,14
14147.0,14147050,142994.0,14
14147.0,14147055,143106.0,14
14147.0,14147060,142994.0,14
14147.0,14147065,141393.0,14
14147.0,14147070,142987.0,14
14147.0,14147080,141379.0,14
14147.0,14147090,143001.0,14
14147.0,14147095,141372.0,14
14147.0,14147100,141393.0,14
14147.0,14147110,143008.0,14
14147.0,14147115,143113.0,14
14147.0,14147120,143113.0,14
14147.0,14147130,-99.0,14
14147.0,14147150,143022.0,14
14147.0,14147160,141393.0,14
14147.0,14147170,143113.0,14
14147.0,14147180,143036.0,14
14147.0,14147190,143043.0,14
14147.0,14147200,141386.0,14
14147.0,14147210,141393.0,14
14147.0,14147217,141393.0,14
14147.0,14147220,141400.0,14
14147.0,14147230,143050.0,14
14147.0,14147240,143057.0,14
14147.0,14147250,143064.0,14
14147.0,14147260,141393.0,14
14147.0,14147270,-99.0,14
14147.0,14147280,141407.0,14
14147.0,14147290,143008.0,14
14147.0,14147300,143071.0,14
14147.0,14147310,143078.0,14
14147.0,14147320,143085.0,14
14147.0,14147330,143092.0,14
14147.0,14147340,143099.0,14
14147.0,14147350,143106.0,14
14147.0,14147360,143113.0,14
14147.0,14147370,141393.0,14
14147.0,14147380,141393.0,14
14154.0,14154010,143120.0,14
14154.0,14154030,-99.0,14
14154.0,14154040,143134.0,14
14154.0,14154050,141414.0,14
14161.0,14161010,141421.0,14
14161.0,14161020,141428.0,14
14161.0,14161030,141435.0,14
14161.0,14161040,141442.0,14
14161.0,14161050,143141.0,14
14161.0,14161060,141449.0,14
14161.0,14161070,141456.0,14
14161.0,14161080,143148.0,14
14161.0,14161090,141463.0,14
14161.0,14161100,141470.0,14
14161.0,14161110,141477.0,14
14161.0,14161120,143155.0,14
14161.0,14161130,141484.0,14
14161.0,14161140,143162.0,14
14161.0,14161150,141491.0,14
14161.0,14161160,141498.0,14
14161.0,14161170,141505.0,14
14168.0,14168010,143169.0,14
14168.0,14168020,141512.0,14
14168.0,14168030,143176.0,14
14168.0,14168040,143183.0,14
14168.0,14168060,141519.0,14
14168.0,14168070,143190.0,14
14168.0,14168080,-99.0,14
14168.0,14168090,141526.0,14
14168.0,14168100,143197.0,14
14168.0,14168110,141533.0,14
14168.0,14168120,141540.0,14
14175.0,14175020,-99.0,14
14175.0,14175030,143211.0,14
14175.0,14175040,-99.0,14
14175.0,14175050,141547.0,14
14175.0,14175060,141554.0,14
14175.0,14175070,-99.0,14
14175.0,14175080,141561.0,14
14175.0,14175090,141568.0,14
14175.0,14175100,141575.0,14
14175.0,14175110,141582.0,14
14182.0,14182010,143225.0,14
14182.0,14182020,141589.0,14
14182.0,14182030,143232.0,14
14182.0,14182040,141596.0,14
14182.0,14182050,141603.0,14
14182.0,14182060,141610.0,14
14182.0,14182070,141617.0,14
14182.0,14182080,141624.0,14
14182.0,14182090,141631.0,14
14182.0,14182100,141638.0,14
14182.0,14182110,141645.0,14
14182.0,14182120,143239.0,14
14182.0,14182130,141652.0,14
14182.0,14182140,141659.0,14
14182.0,14182150,141666.0,14
14182.0,14182160,141673.0,14
14182.0,14182170,141680.0,14
14182.0,14182180,141687.0,14
14182.0,14182190,141694.0,14
14182.0,14182200,141701.0,14
14182.0,14182210,141708.0,14
14182.0,14182220,141715.0,14
14182.0,14182230,-99.0,14
14182.0,14182240,141722.0,14
14182.0,14182250,141729.0,14
14182.0,14182260,-99.0,14
14182.0,14182270,141736.0,14
14182.0,14182280,143246.0,14
14182.0,14182290,141743.0,14
18007.0,18007010,180007.0,18
18014.0,18014010,180014.0,18
18014.0,18014020,180014.0,18
18021.0,18021020,180021.0,18
18021.0,18021030,180021.0,18
18021.0,18021040,180028.0,18
18021.0,18021050,180028.0,18
18028.0,18028010,180042.0,18
18028.0,18028020,180035.0,18
18028.0,18028040,180056.0,18
18035.0,18035010,180063.0,18
18028.0,18028030,180049.0,18
18035.0,18035020,180063.0,18
18035.0,18035030,180070.0,18
18042.0,18042010,180077.0,18
18042.0,18042020,180077.0,18
18049.0,18049010,180084.0,18
18049.0,18049020,180091.0,18
18056.0,18056010,180098.0,18
18056.0,18056020,180105.0,18
18063.0,18063010,180119.0,18
18063.0,18063020,180126.0,18
18063.0,18063030,180112.0,18
18063.0,18063040,180133.0,18
18070.0,18070010,180137.0,18
18070.0,18070020,180140.0,18
18077.0,18077010,180147.0,18
18077.0,18077020,180154.0,18
18084.0,18084010,180161.0,18
18084.0,18084020,180168.0,18
18084.0,18084030,180175.0,18
18084.0,18084040,180182.0,18
18084.0,18084050,180186.0,18
18091.0,18091010,180189.0,18
18091.0,18091020,180196.0,18
18091.0,18091030,180203.0,18
18091.0,18091040,180210.0,18
18091.0,18091050,180210.0,18
18091.0,18091060,180217.0,18
18098.0,18098010,180224.0,18
18105.0,18105010,180231.0,18
18105.0,18105020,180238.0,18
18105.0,18105030,180245.0,18
18112.0,18112010,180252.0,18
18112.0,18112030,180259.0,18
18112.0,18112040,180266.0,18
18112.0,18112050,180273.0,18
18112.0,18112060,180252.0,18
18112.0,18112070,180273.0,18
18119.0,18119010,180280.0,18
18119.0,18119020,180287.0,18
18119.0,18119030,180294.0,18
18119.0,18119040,180301.0,18
18126.0,18126010,180308.0,18
18126.0,18126020,180315.0,18
18133.0,18133010,180336.0,18
18133.0,18133020,180322.0,18
18133.0,18133030,180329.0,18
18133.0,18133040,180336.0,18
18140.0,18140010,180350.0,18
18147.0,18147010,180357.0,18
18147.0,18147020,180364.0,18
18147.0,18147030,180371.0,18
18147.0,18147040,180378.0,18
18154.0,18154010,180385.0,18
18154.0,18154020,180392.0,18
18161.0,18161010,180413.0,18
18161.0,18161020,180417.0,18
18112.0,18112020,180252.0,18
18161.0,18161030,180399.0,18
18161.0,18161040,180406.0,18
18161.0,18161050,180420.0,18
18168.0,18168010,180441.0,18
18168.0,18168020,180427.0,18
18168.0,18168030,180434.0,18
18168.0,18168040,180448.0,18
18175.0,18175010,180455.0,18
22007.0,22007010,220007.0,22
22007.0,22007020,220014.0,22
22007.0,22007030,220021.0,22
22007.0,22007040,220014.0,22
22007.0,22007050,220028.0,22
22014.0,22014010,220035.0,22
22014.0,22014020,220042.0,22
22014.0,22014030,220049.0,22
22014.0,22014040,220056.0,22
22014.0,22014050,220063.0,22
22014.0,22014060,220063.0,22
22014.0,22014070,220070.0,22
22021.0,22021010,220077.0,22
22028.0,22028010,220084.0,22
22036.0,22036010,220091.0,22
22036.0,22036020,220098.0,22
22036.0,22036030,220105.0,22
22036.0,22036040,220105.0,22
22036.0,22036050,220105.0,22
22039.0,22039010,220112.0,22
22039.0,22039020,220112.0,22
22043.0,22043010,220119.0,22
22043.0,22043020,220126.0,22
22043.0,22043030,220119.0,22
22049.0,22049010,220113.0,22
22056.0,22056010,220140.0,22
22056.0,22056020,220154.0,22
22056.0,22056030,220147.0,22
22056.0,22056040,220161.0,22
22063.0,22063010,220203.0,22
22063.0,22063020,220168.0,22
22063.0,22063030,220168.0,22
22063.0,22063040,220203.0,22
22063.0,22063050,220175.0,22
22063.0,22063060,220182.0,22
22063.0,22063070,220189.0,22
22063.0,22063080,220169.0,22
22063.0,22063100,220203.0,22
22063.0,22063110,220168.0,22
22063.0,22063120,220182.0,22
22070.0,22070010,220210.0,22
22070.0,22070020,220217.0,22
22070.0,22070030,220217.0,22
22070.0,22070040,220224.0,22
22077.0,22077010,220231.0,22
22077.0,22077020,220254.0,22
22077.0,22077030,220238.0,22
22077.0,22077040,220254.0,22
22084.0,22084010,220252.0,22
22084.0,22084020,220259.0,22
22084.0,22084030,220266.0,22
22084.0,22084040,220273.0,22
22084.0,22084050,220280.0,22
22084.0,22084060,220287.0,22
22084.0,22084070,220294.0,22
22084.0,22084080,220266.0,22
22091.0,22091010,220301.0,22
22098.0,22098010,220308.0,22
22098.0,22098020,220315.0,22
22098.0,22098030,220322.0,22
22105.0,22105010,220329.0,22
22112.0,22112010,220336.0,22
22112.0,22112020,220343.0,22
22112.0,22112030,220350.0,22
22119.0,22119010,220357.0,22
22126.0,22126010,220364.0,22
22126.0,22126020,220364.0,22
22126.0,22126030,220371.0,22
22133.0,22133010,220378.0,22
22133.0,22133020,220378.0,22
22140.0,22140010,220385.0,22
22140.0,22140020,220392.0,22
22140.0,22140030,220413.0,22
22140.0,22140040,220399.0,22
22140.0,22140050,220406.0,22
22140.0,22140060,220413.0,22
22147.0,22147010,220420.0,22
22147.0,22147020,220427.0,22
22154.0,22154010,220434.0,22
22154.0,22154020,220441.0,22
22154.0,22154030,220448.0,22
22154.0,22154040,220441.0,22
22154.0,22154050,220455.0,22
22161.0,22161010,220469.0,22
22161.0,22161020,220462.0,22
22161.0,22161030,220469.0,22
22161.0,22161040,220469.0,22
22161.0,22161050,220469.0,22
22168.0,22168010,220476.0,22
22168.0,22168020,220476.0,22
22168.0,22168030,220476.0,22
26007.0,26007020,260007.0,26
26007.0,26007030,-99.0,26
26007.0,26007040,260007.0,26
26007.0,26007050,260007.0,26
26014.0,26014010,260028.0,26
26014.0,26014020,260014.0,26
26014.0,26014025,-99.0,26
26014.0,26014030,268014.0,26
26014.0,26014040,260021.0,26
26014.0,26014050,260028.0,26
26014.0,26014060,260035.0,26
26014.0,26014065,-99.0,26
26014.0,26014070,265007.0,26
26014.0,26014080,260035.0,26
26014.0,26014090,260042.0,26
26014.0,26014100,-99.0,26
26021.0,26021010,260049.0,26
26021.0,26021020,-99.0,26
26021.0,26021030,260049.0,26
26021.0,26021040,260049.0,26
26021.0,26021050,260056.0,26
26028.0,26028010,260063.0,26
26028.0,26028020,-99.0,26
26035.0,26035010,260084.0,26
26035.0,26035020,260070.0,26
26035.0,26035030,260077.0,26
26035.0,26035040,260084.0,26
26035.0,26035050,260084.0,26
26035.0,26035060,260084.0,26
26035.0,26035070,-99.0,26
26042.0,26042010,268028.0,26
26042.0,26042020,260091.0,26
26042.0,26042030,260098.0,26
26042.0,26042040,265014.0,26
26049.0,26049010,-99.0,26
26049.0,26049020,-99.0,26
26049.0,26049030,268035.0,26
26049.0,26049040,-99.0,26
26049.0,26049050,-99.0,26
26056.0,26056010,-99.0,26
26056.0,26056020,268056.0,26
26056.0,26056030,268063.0,26
26056.0,26056040,268070.0,26
26056.0,26056050,260105.0,26
26063.0,26063010,-99.0,26
26063.0,26063020,268077.0,26
26070.0,26070010,-99.0,26
26070.0,26070020,268084.0,26
26070.0,26070030,265021.0,26
26077.0,26077010,260112.0,26
26077.0,26077020,260112.0,26
26077.0,26077030,260112.0,26
26077.0,26077040,260119.0,26
26084.0,26084010,260126.0,26
26084.0,26084020,268091.0,26
26084.0,26084030,260126.0,26
26084.0,26084040,268098.0,26
26084.0,26084050,268105.0,26
26084.0,26084060,-99.0,26
26084.0,26084070,260133.0,26
26091.0,26091010,268119.0,26
26091.0,26091020,260140.0,26
26098.0,26098010,268147.0,26
26098.0,26098020,260147.0,26
26098.0,26098030,260154.0,26
26098.0,26098040,260161.0,26
26105.0,26105010,268126.0,26
26105.0,26105020,-99.0,26
30008.0,30008010,-99.0,30
30008.0,30008020,-99.0,30
30008.0,30008030,-99.0,30
30008.0,30008040,-99.0,30
30008.0,30008050,-99.0,30
30008.0,30008060,-99.0,30
30008.0,30008070,-99.0,30
30008.0,30008080,-99.0,30
30008.0,30008090,-99.0,30
30008.0,30008100,-99.0,30
30008.0,30008110,-99.0,30
30015.0,30015010,-99.0,30
30015.0,30015020,-99.0,30
30015.0,30015030,-99.0,30
30015.0,30015040,-99.0,30
30015.0,30015060,-99.0,30
30015.0,30015080,-99.0,30
30015.0,30015083,-99.0,30
30015.0,30015087,-99.0,30
30015.0,30015100,-99.0,30
30015.0,30015110,-99.0,30
30015.0,30015120,-99.0,30
30015.0,30015130,-99.0,30
30015.0,30015140,-99.0,30
30021.0,30021010,-99.0,30
30021.0,30021015,-99.0,30
30021.0,30021020,-99.0,30
30021.0,30021030,-99.0,30
30021.0,30021040,-99.0,30
30021.0,30021050,-99.0,30
30021.0,30021060,-99.0,30
30021.0,30021070,-99.0,30
30021.0,30021080,-99.0,30
30021.0,30021090,-99.0,30
30021.0,30021100,-99.0,30
30021.0,30021110,-99.0,30
30021.0,30021120,-99.0,30
30021.0,30021123,-99.0,30
30021.0,30021127,-99.0,30
30021.0,30021130,-99.0,30
30021.0,30021140,-99.0,30
30021.0,30021150,-99.0,30
30028.0,30028010,-99.0,30
30028.0,30028020,-99.0,30
30028.0,30028040,-99.0,30
30028.0,30028050,-99.0,30
30028.0,30028070,-99.0,30
30028.0,30028080,-99.0,30
30028.0,30028090,-99.0,30
30028.0,30028100,-99.0,30
30028.0,30028105,-99.0,30
30028.0,30028110,-99.0,30
30028.0,30028120,-99.0,30
30035.0,30035010,-99.0,30
30035.0,30035020,-99.0,30
30035.0,30035030,-99.0,30
30035.0,30035040,-99.0,30
30035.0,30035050,-99.0,30
30042.0,30042010,-99.0,30
30042.0,30042020,-99.0,30
30049.0,30049010,-99.0,30
30049.0,30049020,-99.0,30
30049.0,30049030,-99.0,30
30049.0,30049040,-99.0,30
30049.0,30049050,-99.0,30
30056.0,30056010,-99.0,30
30056.0,30056020,-99.0,30
30056.0,30056030,-99.0,30
30056.0,30056035,-99.0,30
30056.0,30056040,-99.0,30
30056.0,30056050,-99.0,30
30056.0,30056060,-99.0,30
30056.0,30056070,-99.0,30
30056.0,30056080,-99.0,30
30056.0,30056090,-99.0,30
30056.0,30056095,-99.0,30
30056.0,30056100,-99.0,30
30056.0,30056110,-99.0,30
30063.0,30063020,-99.0,30
30063.0,30063030,-99.0,30
30063.0,30063040,-99.0,30
30063.0,30063060,-99.0,30
30070.0,30070005,-99.0,30
30070.0,30070010,-99.0,30
30070.0,30070020,-99.0,30
30070.0,30070030,-99.0,30
30070.0,30070040,-99.0,30
30070.0,30070050,-99.0,30
30070.0,30070070,-99.0,30
30070.0,30070080,-99.0,30
30070.0,30070090,-99.0,30
30077.0,30077010,-99.0,30
30077.0,30077020,-99.0,30
30077.0,30077030,-99.0,30
30077.0,30077040,-99.0,30
30077.0,30077050,-99.0,30
30077.0,30077060,-99.0,30
30077.0,30077070,-99.0,30
30077.0,30077080,-99.0,30
30084.0,30084010,-99.0,30
30084.0,30084015,-99.0,30
30084.0,30084020,-99.0,30
30084.0,30084030,-99.0,30
30084.0,30084040,-99.0,30
30084.0,30084050,-99.0,30
30084.0,30084060,-99.0,30
30084.0,30084065,-99.0,30
30084.0,30084070,-99.0,30
30084.0,30084080,-99.0,30
30084.0,30084090,-99.0,30
30084.0,30084095,-99.0,30
30084.0,30084100,-99.0,30
30084.0,30084110,-99.0,30
30084.0,30084120,-99.0,30
30084.0,30084130,-99.0,30
30084.0,30084140,-99.0,30
30084.0,30084150,-99.0,30
30084.0,30084160,-99.0,30
30084.0,30084170,-99.0,30
30084.0,30084180,-99.0,30
30084.0,30084190,-99.0,30
30084.0,30084200,-99.0,30
30084.0,30084210,-99.0,30
30084.0,30084220,-99.0,30
30084.0,30084230,-99.0,30
30084.0,30084240,-99.0,30
30084.0,30084250,-99.0,30
30084.0,30084260,-99.0,30
30084.0,30084270,-99.0,30
30084.0,30084280,-99.0,30
30084.0,30084290,-99.0,30
30084.0,30084300,-99.0,30
30088.0,30088010,-99.0,30
30088.0,30088020,-99.0,30
30091.0,30091010,-99.0,30
30091.0,30091020,-99.0,30
30091.0,30091030,-99.0,30
30091.0,30091040,-99.0,30
30091.0,30091050,-99.0,30
30091.0,30091060,-99.0,30
30091.0,30091070,-99.0,30
30091.0,30091080,-99.0,30
30091.0,30091090,-99.0,30
30091.0,30091100,-99.0,30
30098.0,30098010,-99.0,30
30098.0,30098020,-99.0,30
30098.0,30098030,-99.0,30
30098.0,30098040,-99.0,30
30098.0,30098060,-99.0,30
30098.0,30098070,-99.0,30
30098.0,30098080,-99.0,30
30098.0,30098090,-99.0,30
30098.0,30098100,-99.0,30
30098.0,30098110,-99.0,30
30098.0,30098120,-99.0,30
30098.0,30098130,-99.0,30
30098.0,30098140,-99.0,30
30098.0,30098150,-99.0,30
30105.0,30105010,-99.0,30
30105.0,30105040,-99.0,30
30105.0,30105060,-99.0,30
30113.0,30113010,-99.0,30
30113.0,30113020,-99.0,30
30113.0,30113030,-99.0,30
30113.0,30113050,-99.0,30
30113.0,30113060,-99.0,30
30113.0,30113070,-99.0,30
30113.0,30113080,-99.0,30
34007.0,34007003,-99.0,34
34007.0,34007005,-99.0,34
34007.0,34007007,-99.0,34
34007.0,34007010,340007.0,34
34007.0,34007015,-99.0,34
34007.0,34007020,345007.0,34
34007.0,34007030,-99.0,34
34007.0,34007040,-99.0,34
34007.0,34007050,-99.0,34
34014.0,34014010,345014.0,34
34014.0,34014020,340028.0,34
34014.0,34014030,345021.0,34
34014.0,34014040,-99.0,34
34014.0,34014050,-99.0,34
34014.0,34014060,345028.0,34
34014.0,34014070,340028.0,34
34021.0,34021010,-99.0,34
34021.0,34021020,340049.0,34
34021.0,34021030,340056.0,34
34021.0,34021040,340063.0,34
34021.0,34021050,-99.0,34
34021.0,34021060,340070.0,34
34028.0,34028010,340077.0,34
34035.0,34035010,-99.0,34
34035.0,34035020,-99.0,34
34035.0,34035030,340091.0,34
34035.0,34035040,-99.0,34
34035.0,34035050,340098.0,34
34035.0,34035060,345042.0,34
34035.0,34035070,-99.0,34
34035.0,34035080,340126.0,34
34035.0,34035090,-99.0,34
34035.0,34035100,340133.0,34
34035.0,34035110,-99.0,34
34035.0,34035120,340140.0,34
34035.0,34035130,-99.0,34
34035.0,34035140,340147.0,34
34035.0,34035150,345049.0,34
34035.0,34035160,340119.0,34
34035.0,34035170,340112.0,34
34042.0,34042010,345056.0,34
34042.0,34042020,340168.0,34
34042.0,34042030,-99.0,34
34042.0,34042040,340175.0,34
34042.0,34042050,349105.0,34
34042.0,34042060,345063.0,34
34049.0,34049010,340189.0,34
34049.0,34049020,340169.0,34
34049.0,34049030,340203.0,34
34049.0,34049040,-99.0,34
34049.0,34049050,340189.0,34
34049.0,34049060,340210.0,34
34049.0,34049070,340189.0,34
34049.0,34049080,345070.0,34
34056.0,34056010,340231.0,34
34056.0,34056020,340224.0,34
34056.0,34056030,340238.0,34
34056.0,34056040,340245.0,34
34056.0,34056050,340252.0,34
34063.0,34063010,-99.0,34
34063.0,34063020,340259.0,34
34063.0,34063030,-99.0,34
38007.0,38007010,386007.0,38
38007.0,38007020,380014.0,38
38007.0,38007030,386014.0,38
38007.0,38007035,386014.0,38
38007.0,38007040,380014.0,38
38007.0,38007050,380014.0,38
38007.0,38007055,386021.0,38
38007.0,38007060,386021.0,38
38007.0,38007063,386014.0,38
38007.0,38007067,386014.0,38
38007.0,38007070,386007.0,38
38007.0,38007080,386007.0,38
38007.0,38007085,386007.0,38
38007.0,38007090,386007.0,38
38007.0,38007095,380014.0,38
38007.0,38007100,386007.0,38
38014.0,38014010,386035.0,38
38014.0,38014020,380063.0,38
38014.0,38014030,380077.0,38
38014.0,38014040,380056.0,38
38014.0,38014050,380063.0,38
38014.0,38014055,380063.0,38
38014.0,38014060,386049.0,38
38014.0,38014070,380063.0,38
38014.0,38014080,386042.0,38
38014.0,38014090,380077.0,38
38014.0,38014100,386049.0,38
38014.0,38014110,386035.0,38
38014.0,38014120,380077.0,38
38021.0,38021010,380035.0,38
38021.0,38021020,380035.0,38
38021.0,38021030,386028.0,38
38021.0,38021040,386028.0,38
38021.0,38021050,386028.0,38
38021.0,38021060,380035.0,38
38021.0,38021065,386028.0,38
38021.0,38021070,386028.0,38
38028.0,38028003,380105.0,38
38028.0,38028007,380105.0,38
38028.0,38028010,380105.0,38
38028.0,38028020,380091.0,38
38028.0,38028030,386056.0,38
38028.0,38028040,380105.0,38
38028.0,38028043,380105.0,38
38028.0,38028045,380105.0,38
38028.0,38028047,380105.0,38
38028.0,38028050,386063.0,38
38028.0,38028060,380105.0,38
38035.0,38035010,380147.0,38
38035.0,38035020,380126.0,38
38035.0,38035030,380119.0,38
38035.0,38035040,380126.0,38
38035.0,38035050,380133.0,38
38035.0,38035060,380133.0,38
38035.0,38035070,380126.0,38
38035.0,38035080,380140.0,38
38035.0,38035090,380133.0,38
38035.0,38035100,380140.0,38
38035.0,38035110,380147.0,38
38042.0,38042010,380154.0,38
38042.0,38042020,380154.0,38
38042.0,38042040,380154.0,38
38049.0,38049003,386077.0,38
38049.0,38049007,386070.0,38
38049.0,38049010,386140.0,38
38049.0,38049020,386070.0,38
38049.0,38049025,386070.0,38
38049.0,38049030,386070.0,38
38049.0,38049035,386070.0,38
38049.0,38049040,386077.0,38
38056.0,38056010,386084.0,38
38056.0,38056017,386084.0,38
38056.0,38056020,386084.0,38
38056.0,38056025,386084.0,38
38056.0,38056030,386084.0,38
38063.0,38063010,386091.0,38
38063.0,38063020,380224.0,38
38063.0,38063030,386112.0,38
38063.0,38063040,380224.0,38
38063.0,38063050,380196.0,38
38063.0,38063060,386091.0,38
38063.0,38063070,380196.0,38
38063.0,38063080,386091.0,38
38063.0,38063090,380203.0,38
38063.0,38063100,380196.0,38
38063.0,38063110,386112.0,38
38063.0,38063120,380196.0,38
38063.0,38063130,386112.0,38
38063.0,38063140,386105.0,38
38063.0,38063150,386112.0,38
38063.0,38063160,380196.0,38
38063.0,38063170,386105.0,38
38063.0,38063180,380224.0,38
38063.0,38063190,380203.0,38
38070.0,38070010,386098.0,38
38070.0,38070020,386119.0,38
38070.0,38070030,380238.0,38
38070.0,38070040,380245.0,38
38070.0,38070050,380252.0,38
38070.0,38070060,380252.0,38
38070.0,38070070,386126.0,38
38077.0,38077010,386133.0,38
38077.0,38077020,386140.0,38
38077.0,38077030,386133.0,38
38077.0,38077040,386140.0,38
38077.0,38077045,386147.0,38
38077.0,38077050,386147.0,38
38077.0,38077060,386140.0,38
38077.0,38077070,386147.0,38
38077.0,38077080,386140.0,38
38077.0,38077090,386140.0,38
38077.0,38077100,386147.0,38
38077.0,38077110,386133.0,38
38084.0,38084010,386154.0,38
38084.0,38084020,386161.0,38
38084.0,38084030,386161.0,38
38084.0,38084040,386168.0,38
38084.0,38084045,386161.0,38
38084.0,38084050,386168.0,38
38084.0,38084055,386168.0,38
38084.0,38084060,386161.0,38
38084.0,38084070,386168.0,38
38084.0,38084080,386168.0,38
38084.0,38084090,386161.0,38
38084.0,38084100,386161.0,38
38094.0,38094010,386175.0,38
38094.0,38094020,386175.0,38
38094.0,38094030,380329.0,38
38094.0,38094040,386182.0,38
38094.0,38094050,380329.0,38
38098.0,38098010,386203.0,38
38098.0,38098020,386189.0,38
38098.0,38098025,386189.0,38
38098.0,38098030,386189.0,38
38098.0,38098040,386196.0,38
38098.0,38098050,386203.0,38
38105.0,38105010,386210.0,38
38105.0,38105020,386217.0,38
38105.0,38105030,386224.0,38
38105.0,38105040,386231.0,38
38105.0,38105050,386231.0,38
38105.0,38105060,386238.0,38
38112.0,38112010,386245.0,38
38112.0,38112020,386252.0,38
38112.0,38112030,386259.0,38
38112.0,38112040,386266.0,38
38112.0,38112050,380406.0,38
38112.0,38112060,386021.0,38
38112.0,38112070,386266.0,38
38112.0,38112080,386273.0,38
38112.0,38112090,386273.0,38
42007.0,42007010,420112.0,42
42007.0,42007020,420231.0,42
42007.0,42007030,420259.0,42
42007.0,42007040,420322.0,42
42007.0,42007050,420364.0,42
42014.0,42014010,420189.0,42
42014.0,42014020,420189.0,42
42021.0,42021010,420028.0,42
42021.0,42021020,420336.0,42
42028.0,42028010,420077.0,42
42028.0,42028020,420378.0,42
42028.0,42028030,420217.0,42
42028.0,42028040,420378.0,42
42035.0,42035010,420098.0,42
42035.0,42035020,420119.0,42
42035.0,42035030,420238.0,42
42035.0,42035040,420266.0,42
42035.0,42035050,425133.0,42
42035.0,42035060,420413.0,42
42042.0,42042010,425070.0,42
42042.0,42042020,420280.0,42
42049.0,42049010,420329.0,42
42056.0,42056010,420049.0,42
42056.0,42056020,420084.0,42
42056.0,42056030,420105.0,42
42056.0,42056040,420175.0,42
42056.0,42056050,425140.0,42
42056.0,42056060,420392.0,42
42063.0,42063010,420011.0,42
42063.0,42063020,420196.0,42
42070.0,42070010,420014.0,42
42070.0,42070020,420140.0,42
42070.0,42070030,420161.0,42
42070.0,42070040,425105.0,42
42070.0,42070050,420343.0,42
42077.0,42077010,420007.0,42
42077.0,42077020,420056.0,42
42077.0,42077030,420154.0,42
42077.0,42077040,420007.0,42
42077.0,42077050,420182.0,42
42084.0,42084010,425042.0,42
42091.0,42091010,425077.0,42
42091.0,42091020,425084.0,42
42098.0,42098010,420070.0,42
42098.0,42098020,425091.0,42
42098.0,42098030,420224.0,42
42098.0,42098040,420350.0,42
42098.0,42098050,420399.0,42
42105.0,42105010,425014.0,42
42105.0,42105020,420116.0,42
42105.0,42105030,420147.0,42
42105.0,42105040,425147.0,42
42105.0,42105050,420147.0,42
42112.0,42112005,422007.0,42
42112.0,42112010,420287.0,42
42112.0,42112020,420385.0,42
42119.0,42119010,420091.0,42
42119.0,42119020,420091.0,42
42119.0,42119030,420252.0,42
42119.0,42119040,420301.0,42
42119.0,42119050,425126.0,42
42119.0,42119060,420406.0,42
42126.0,42126010,420063.0,42
42126.0,42126020,420210.0,42
42126.0,42126030,420210.0,42
42126.0,42126040,420273.0,42
42126.0,42126050,425112.0,42
42126.0,42126060,425119.0,42
42126.0,42126070,420308.0,42
42133.0,42133010,425007.0,42
42133.0,42133020,420021.0,42
42133.0,42133030,425098.0,42
42133.0,42133040,420126.0,42
42133.0,42133050,425063.0,42
42133.0,42133060,420168.0,42
42133.0,42133070,420021.0,42
42133.0,42133080,420315.0,42
42140.0,42140005,420357.0,42
42140.0,42140010,420042.0,42
42140.0,42140020,420357.0,42
42147.0,42147010,420035.0,42
42147.0,42147020,420245.0,42
42147.0,42147030,420371.0,42
42154.0,42154010,420042.0,42
42154.0,42154030,425028.0,42
42154.0,42154040,420133.0,42
42154.0,42154050,420294.0,42
42154.0,42154060,425154.0,42
46007.0,46007010,460007.0,46
46007.0,46007020,460007.0,46
46007.0,46007030,460007.0,46
46007.0,46007040,460007.0,46
46007.0,46007045,460007.0,46
46007.0,46007050,460007.0,46
46014.0,46014010,460014.0,46
46021.0,46021010,460021.0,46
46021.0,46021020,460021.0,46
46021.0,46021030,460021.0,46
46021.0,46021040,460021.0,46
46021.0,46021050,460021.0,46
46021.0,46021060,460021.0,46
46021.0,46021070,460021.0,46
46021.0,46021080,460021.0,46
46028.0,46028010,460028.0,46
46028.0,46028020,460028.0,46
46028.0,46028030,460028.0,46
46028.0,46028040,460028.0,46
46028.0,46028050,460028.0,46
42154.0,42154020,425049.0,42
46035.0,46035010,460035.0,46
46035.0,46035020,460035.0,46
46042.0,46042010,460042.0,46
46042.0,46042020,460042.0,46
46042.0,46042030,460042.0,46
46042.0,46042040,460042.0,46
46042.0,46042050,460042.0,46
46042.0,46042060,460042.0,46
46042.0,46042070,460042.0,46
46042.0,46042080,460042.0,46
46042.0,46042090,460042.0,46
46042.0,46042100,460042.0,46
46042.0,46042110,460042.0,46
46042.0,46042120,460042.0,46
46042.0,46042130,460042.0,46
46042.0,46042140,460042.0,46
46049.0,46049010,460049.0,46
46049.0,46049020,460049.0,46
46049.0,46049030,460049.0,46
46049.0,46049040,460049.0,46
46049.0,46049050,460049.0,46
46049.0,46049060,460049.0,46
46049.0,46049070,460049.0,46
46049.0,46049080,460049.0,46
46049.0,46049090,460049.0,46
46049.0,46049100,460049.0,46
46049.0,46049110,460049.0,46
46049.0,46049120,460049.0,46
46056.0,46056010,460056.0,46
46056.0,46056020,460056.0,46
46063.0,46063010,460063.0,46
46063.0,46063020,460063.0,46
46063.0,46063030,460063.0,46
46063.0,46063040,460063.0,46
46070.0,46070010,460070.0,46
46070.0,46070020,460070.0,46
46070.0,46070030,460070.0,46
46070.0,46070040,460070.0,46
46077.0,46077010,460077.0,46
46084.0,46084010,460084.0,46
46084.0,46084020,460084.0,46
46084.0,46084030,460084.0,46
46084.0,46084040,460084.0,46
46084.0,46084050,460084.0,46
46091.0,46091010,460091.0,46
46098.0,46098010,460098.0,46
46098.0,46098020,460098.0,46
46105.0,46105010,460105.0,46
46105.0,46105020,460105.0,46
46112.0,46112010,460112.0,46
46112.0,46112020,460112.0,46
46119.0,46119010,460119.0,46
46126.0,46126010,460126.0,46
50007.0,50007010,500007.0,50
50014.0,50014010,500014.0,50
50014.0,50014020,500014.0,50
50014.0,50014030,500014.0,50
50014.0,50014040,500014.0,50
50021.0,50021010,500021.0,50
50028.0,50028010,500028.0,50
50028.0,50028020,500028.0,50
50028.0,50028030,500028.0,50
50028.0,50028040,500028.0,50
50028.0,50028050,500028.0,50
50035.0,50035010,500035.0,50
50035.0,50035020,500035.0,50
50035.0,50035030,500035.0,50
50035.0,50035040,500035.0,50
50035.0,50035050,500035.0,50
50035.0,50035060,500035.0,50
50035.0,50035070,500035.0,50
50042.0,50042010,500042.0,50
50042.0,50042020,500042.0,50
50042.0,50042030,500042.0,50
50049.0,50049010,500049.0,50
50049.0,50049030,500049.0,50
50049.0,50049040,-99.0,50
50049.0,50049050,500049.0,50
50049.0,50049060,500063.0,50
50049.0,50049080,500049.0,50
50049.0,50049090,500049.0,50
50049.0,50049100,500049.0,50
50049.0,50049110,500049.0,50
50056.0,50056010,500056.0,50
50056.0,50056020,500049.0,50
50056.0,50056030,500056.0,50
50056.0,50056040,500056.0,50
50056.0,50056050,500056.0,50
50056.0,50056060,500056.0,50
50056.0,50056070,500056.0,50
50056.0,50056075,500056.0,50
50056.0,50056080,500056.0,50
50056.0,50056090,500056.0,50
50056.0,50056100,500056.0,50
50056.0,50056110,500056.0,50
50056.0,50056120,500049.0,50
50056.0,50056130,500056.0,50
50056.0,50056140,500056.0,50
50056.0,50056150,500056.0,50
50056.0,50056160,500056.0,50
50063.0,50063010,500063.0,50
50063.0,50063020,500063.0,50
50063.0,50063030,500063.0,50
50063.0,50063040,500063.0,50
50063.0,50063050,500063.0,50
50063.0,50063060,500063.0,50
50063.0,50063070,500063.0,50
50063.0,50063080,500063.0,50
50063.0,50063090,500063.0,50
50063.0,50063100,500063.0,50
50063.0,50063110,500063.0,50
50063.0,50063120,500063.0,50
50070.0,50070010,500070.0,50
50070.0,50070020,500070.0,50
50070.0,50070030,500070.0,50
50070.0,50070040,500028.0,50
50070.0,50070050,500070.0,50
50070.0,50070060,500070.0,50
50070.0,50070070,500070.0,50
50070.0,50070080,500070.0,50
50070.0,50070090,500070.0,50
50070.0,50070100,500070.0,50
50077.0,50077010,500077.0,50
50077.0,50077030,500077.0,50
50077.0,50077040,500077.0,50
50084.0,50084010,500084.0,50
50084.0,50084020,500084.0,50
50084.0,50084030,500084.0,50
50084.0,50084040,500084.0,50
50084.0,50084050,500084.0,50
50084.0,50084060,500084.0,50
50084.0,50084070,500084.0,50
50084.0,50084080,500084.0,50
50084.0,50084090,500084.0,50
50084.0,50084100,500084.0,50
50084.0,50084110,500035.0,50
50084.0,50084120,500084.0,50
50084.0,50084130,500084.0,50
50084.0,50084140,500084.0,50
50084.0,50084150,500084.0,50
50091.0,50091005,500091.0,50
50091.0,50091010,500091.0,50
50091.0,50091020,500091.0,50
50091.0,50091030,500091.0,50
50091.0,50091040,500091.0,50
50091.0,50091050,500091.0,50
50091.0,50091060,500091.0,50
50098.0,50098020,500035.0,50
50098.0,50098030,500098.0,50
50098.0,50098040,500098.0,50
50098.0,50098045,500035.0,50
50098.0,50098050,500098.0,50
50098.0,50098055,500098.0,50
50098.0,50098060,500098.0,50
50098.0,50098070,500098.0,50
50098.0,50098073,500098.0,50
50098.0,50098077,500098.0,50
50098.0,50098080,500098.0,50
50098.0,50098090,500098.0,50
50098.0,50098100,500098.0,50
50098.0,50098110,500098.0,50
50105.0,50105010,500105.0,50
50105.0,50105020,500105.0,50
50105.0,50105030,500105.0,50
50105.0,50105040,500105.0,50
50105.0,50105050,500105.0,50
50105.0,50105060,500105.0,50
50105.0,50105070,500105.0,50
50105.0,50105080,500105.0,50
50105.0,50105090,500105.0,50
50105.0,50105100,500105.0,50
50105.0,50105110,500105.0,50
50105.0,50105120,500105.0,50
50105.0,50105130,500105.0,50
50105.0,50105140,500105.0,50
50105.0,50105150,500105.0,50
50105.0,50105160,500105.0,50
50105.0,50105170,500105.0,50
50105.0,50105180,500105.0,50
50105.0,50105190,500105.0,50
50105.0,50105200,500105.0,50
50105.0,50105210,500105.0,50
50105.0,50105220,500105.0,50
50105.0,50105230,500105.0,50
50105.0,50105240,500105.0,50
50112.0,50112010,500112.0,50
50112.0,50112020,500112.0,50
50112.0,50112030,500112.0,50
50112.0,50112040,500112.0,50
50112.0,50112050,500112.0,50
50112.0,50112060,500112.0,50
50119.0,50119010,500119.0,50
50119.0,50119020,500119.0,50
50119.0,50119030,500119.0,50
50119.0,50119040,500119.0,50
50119.0,50119050,500119.0,50
50119.0,50119060,500119.0,50
50119.0,50119070,500119.0,50
50126.0,50126010,500126.0,50
50126.0,50126020,500126.0,50
50126.0,50126030,500126.0,50
50126.0,50126035,500126.0,50
50126.0,50126040,500126.0,50
50126.0,50126050,500126.0,50
50126.0,50126060,500126.0,50
54007.0,54007010,540007.0,54
54007.0,54007020,540014.0,54
54007.0,54007025,540007.0,54
54007.0,54007030,540007.0,54
54007.0,54007040,540021.0,54
54007.0,54007050,540014.0,54
54007.0,54007060,540021.0,54
54007.0,54007070,540028.0,54
54014.0,54014010,540035.0,54
54014.0,54014020,540042.0,54
54014.0,54014030,540049.0,54
54014.0,54014050,540049.0,54
54014.0,54014055,540042.0,54
54014.0,54014060,540042.0,54
54014.0,54014070,540049.0,54
54014.0,54014080,540035.0,54
54021.0,54021005,540063.0,54
54021.0,54021010,540056.0,54
54021.0,54021020,540063.0,54
54021.0,54021030,540070.0,54
54021.0,54021040,540077.0,54
54021.0,54021050,540084.0,54
54021.0,54021060,540091.0,54
54021.0,54021070,540098.0,54
54021.0,54021080,540098.0,54
54028.0,54028005,540112.0,54
54028.0,54028010,540112.0,54
54028.0,54028020,540119.0,54
54028.0,54028030,540119.0,54
54028.0,54028040,540112.0,54
54035.0,54035010,540126.0,54
54035.0,54035020,540126.0,54
54035.0,54035030,540133.0,54
54035.0,54035040,540133.0,54
54042.0,54042010,540147.0,54
54042.0,54042020,540154.0,54
54042.0,54042030,540140.0,54
54042.0,54042035,540140.0,54
54042.0,54042040,540161.0,54
54042.0,54042050,540161.0,54
54042.0,54042055,540140.0,54
54042.0,54042060,540140.0,54
54042.0,54042070,540154.0,54
54042.0,54042080,540168.0,54
54042.0,54042090,540161.0,54
54042.0,54042100,540154.0,54
54049.0,54049010,540182.0,54
54049.0,54049020,540175.0,54
54049.0,54049025,540182.0,54
54049.0,54049030,540175.0,54
54049.0,54049040,540182.0,54
54049.0,54049043,540189.0,54
54049.0,54049045,540182.0,54
54049.0,54049047,540182.0,54
54049.0,54049050,540189.0,54
54056.0,54056010,540196.0,54
54056.0,54056020,540203.0,54
54056.0,54056030,540203.0,54
54063.0,54063010,540210.0,54
54063.0,54063020,540224.0,54
54063.0,54063030,540217.0,54
54063.0,54063035,540224.0,54
54063.0,54063040,540231.0,54
54070.0,54070010,540238.0,54
54070.0,54070020,540245.0,54
54070.0,54070030,540252.0,54
54070.0,54070040,540259.0,54
54070.0,54070050,540266.0,54
54070.0,54070060,540273.0,54
54070.0,54070070,540280.0,54
54070.0,54070080,540287.0,54
54070.0,54070090,540252.0,54
54077.0,54077010,540294.0,54
54077.0,54077015,540322.0,54
54077.0,54077020,540301.0,54
54077.0,54077030,540308.0,54
54077.0,54077040,540322.0,54
54077.0,54077050,540315.0,54
54077.0,54077060,540322.0,54
54077.0,54077070,540329.0,54
54077.0,54077080,540322.0,54
54077.0,54077090,540294.0,54
54077.0,54077100,540308.0,54
54077.0,54077110,540294.0,54
54077.0,54077120,540301.0,54
54084.0,54084003,540343.0,54
54084.0,54084005,540343.0,54
54084.0,54084007,540343.0,54
54084.0,54084010,540336.0,54
54084.0,54084020,540343.0,54
54084.0,54084030,540343.0,54
54084.0,54084040,540350.0,54
54084.0,54084050,540350.0,54
54084.0,54084060,540336.0,54
54084.0,54084070,540343.0,54
54091.0,54091010,540371.0,54
54091.0,54091013,540392.0,54
54091.0,54091017,540357.0,54
54091.0,54091020,540357.0,54
54091.0,54091030,540364.0,54
54091.0,54091040,540399.0,54
54091.0,54091050,540378.0,54
54091.0,54091060,540385.0,54
54091.0,54091070,540392.0,54
54091.0,54091080,540399.0,54
54091.0,54091090,540406.0,54
54091.0,54091100,540406.0,54
54091.0,54091105,540406.0,54
54091.0,54091110,540413.0,54
54091.0,54091120,540357.0,54
54098.0,54098005,540469.0,54
54098.0,54098010,540420.0,54
54098.0,54098020,540427.0,54
54098.0,54098030,540462.0,54
54098.0,54098040,540434.0,54
54098.0,54098050,540441.0,54
54098.0,54098060,540448.0,54
54098.0,54098070,540448.0,54
54098.0,54098080,540455.0,54
54098.0,54098090,540455.0,54
54098.0,54098100,540441.0,54
54098.0,54098110,540462.0,54
54098.0,54098120,540469.0,54
54105.0,54105010,540476.0,54
54105.0,54105020,540483.0,54
54105.0,54105030,540490.0,54
54105.0,54105040,540497.0,54
54112.0,54112010,540504.0,54
54112.0,54112020,540504.0,54
54112.0,54112030,540504.0,54
54112.0,54112040,540504.0,54
54112.0,54112050,540504.0,54
54119.0,54119010,540511.0,54
54119.0,54119020,540518.0,54
54119.0,54119025,540518.0,54
54119.0,54119030,540518.0,54
54119.0,54119040,540511.0,54
54119.0,54119050,540511.0,54
54119.0,54119060,540525.0,54
58007.0,58007010,580007.0,58
58007.0,58007015,580252.0,58
58007.0,58007020,580252.0,58
58014.0,58014005,585014.0,58
58014.0,58014010,580014.0,58
58014.0,58014020,580021.0,58
58021.0,58021010,580028.0,58
58028.0,58028010,580035.0,58
58028.0,58028020,585035.0,58
58035.0,58035010,580077.0,58
58035.0,58035020,580091.0,58
58035.0,58035030,580042.0,58
58035.0,58035040,580049.0,58
58035.0,58035050,580084.0,58
58035.0,58035060,-99.0,58
58035.0,58035070,580056.0,58
58035.0,58035080,580042.0,58
58035.0,58035090,580063.0,58
58035.0,58035100,580070.0,58
58035.0,58035110,580077.0,58
58035.0,58035120,580084.0,58
58035.0,58035130,580091.0,58
58035.0,58035140,580091.0,58
58042.0,58042010,580098.0,58
58042.0,58042020,580105.0,58
58042.0,58042030,585056.0,58
58049.0,58049010,580112.0,58
58056.0,58056010,580119.0,58
58056.0,58056020,-99.0,58
58063.0,58063010,585063.0,58
58063.0,58063020,580126.0,58
58070.0,58070010,580133.0,58
58070.0,58070020,585070.0,58
58077.0,58077010,580140.0,58
58077.0,58077020,580147.0,58
58077.0,58077030,580154.0,58
58077.0,58077040,580161.0,58
58077.0,58077050,585084.0,58
58077.0,58077060,585091.0,58
58077.0,58077070,585098.0,58
58084.0,58084010,580168.0,58
58084.0,58084020,580168.0,58
58084.0,58084030,580175.0,58
58084.0,58084040,580182.0,58
58084.0,58084050,-99.0,58
58091.0,58091010,580196.0,58
58091.0,58091020,580203.0,58
58091.0,58091030,585105.0,58
58091.0,58091040,580210.0,58
58098.0,58098005,585112.0,58
58098.0,58098010,585119.0,58
58098.0,58098020,580217.0,58
58105.0,58105010,580224.0,58
58105.0,58105020,580231.0,58
58105.0,58105030,580231.0,58
58105.0,58105040,585126.0,58
58112.0,58112010,585140.0,58
58112.0,58112020,580238.0,58
58112.0,58112030,585147.0,58
58112.0,58112040,580245.0,58
62007.0,62007020,620014.0,62
62007.0,62007030,620014.0,62
62007.0,62007040,620007.0,62
62007.0,62007050,-99.0,62
62007.0,62007060,-99.0,62
62007.0,62007070,-99.0,62
62007.0,62007080,625014.0,62
62007.0,62007010,-99.0,62
62007.0,62007090,620014.0,62
62014.0,62014010,620021.0,62
62014.0,62014020,-99.0,62
62014.0,62014030,620021.0,62
62014.0,62014040,620028.0,62
62014.0,62014050,620035.0,62
62014.0,62014060,620042.0,62
62014.0,62014070,620049.0,62
62014.0,62014080,620056.0,62
62014.0,62014090,620063.0,62
62021.0,62021005,620077.0,62
62021.0,62021010,620077.0,62
62021.0,62021020,620077.0,62
62021.0,62021030,620070.0,62
62021.0,62021040,625028.0,62
62021.0,62021047,620070.0,62
62021.0,62021050,625028.0,62
62021.0,62021060,620077.0,62
62021.0,62021080,620077.0,62
62021.0,62021100,620077.0,62
62021.0,62021110,-99.0,62
62028.0,62028010,620084.0,62
62028.0,62028020,620084.0,62
62028.0,62028030,-99.0,62
62035.0,62035010,625077.0,62
62035.0,62035020,620091.0,62
62035.0,62035030,625056.0,62
62035.0,62035040,620133.0,62
62035.0,62035050,625070.0,62
62035.0,62035060,625098.0,62
62035.0,62035070,620161.0,62
62035.0,62035080,625112.0,62
62042.0,62042010,620091.0,62
62042.0,62042020,-99.0,62
62042.0,62042030,620140.0,62
62042.0,62042040,620091.0,62
62042.0,62042050,620091.0,62
62042.0,62042060,620091.0,62
62042.0,62042070,620161.0,62
62042.0,62042080,620161.0,62
62042.0,62042090,620091.0,62
62042.0,62042100,620154.0,62
62042.0,62042110,620091.0,62
62042.0,62042115,625105.0,62
62042.0,62042120,620098.0,62
62042.0,62042130,620091.0,62
62042.0,62042140,620161.0,62
62042.0,62042143,620091.0,62
62042.0,62042147,620112.0,62
62042.0,62042150,620161.0,62
62042.0,62042160,620091.0,62
62042.0,62042170,620154.0,62
62042.0,62042180,620168.0,62
62042.0,62042190,620161.0,62
62042.0,62042200,620168.0,62
62042.0,62042210,620112.0,62
62042.0,62042215,620091.0,62
62042.0,62042230,620161.0,62
62042.0,62042240,620161.0,62
62042.0,62042245,620175.0,62
62042.0,62042250,620161.0,62
62042.0,62042260,620133.0,62
62042.0,62042265,620119.0,62
62042.0,62042270,620161.0,62
62042.0,62042280,620133.0,62
62042.0,62042297,625105.0,62
62042.0,62042310,620112.0,62
62042.0,62042330,620133.0,62
62042.0,62042335,620175.0,62
62042.0,62042340,620182.0,62
62042.0,62042350,620154.0,62
62042.0,62042360,620105.0,62
62042.0,62042370,620112.0,62
62042.0,62042380,620119.0,62
62042.0,62042390,620126.0,62
62042.0,62042400,620133.0,62
62042.0,62042410,620140.0,62
62042.0,62042420,620133.0,62
62042.0,62042430,620147.0,62
62042.0,62042440,620154.0,62
62042.0,62042450,620161.0,62
62042.0,62042460,620168.0,62
62042.0,62042470,620119.0,62
62042.0,62042480,620175.0,62
62042.0,62042490,620161.0,62
62042.0,62042500,-99.0,62
62042.0,62042520,620098.0,62
62042.0,62042530,620182.0,62
62042.0,62042540,620119.0,62
62042.0,62042550,620098.0,62
62042.0,62042560,620182.0,62
62042.0,62042570,620098.0,62
62049.0,62049010,625210.0,62
62049.0,62049020,625161.0,62
62049.0,62049030,620189.0,62
62049.0,62049040,625259.0,62
62049.0,62049050,620196.0,62
62049.0,62049060,625119.0,62
62049.0,62049070,-99.0,62
62056.0,62056010,620224.0,62
62056.0,62056020,625238.0,62
62056.0,62056030,620203.0,62
62056.0,62056040,625245.0,62
62056.0,62056050,625266.0,62
62063.0,62063005,620210.0,62
62063.0,62063010,620210.0,62
62063.0,62063013,620210.0,62
62063.0,62063017,420189.0,62
62063.0,62063020,620210.0,62
62063.0,62063060,-99.0,62
62070.0,62070005,-99.0,62
62070.0,62070010,620217.0,62
62070.0,62070020,620273.0,62
62070.0,62070030,625231.0,62
62070.0,62070040,620273.0,62
62070.0,62070060,620224.0,62
62070.0,62070070,625140.0,62
62070.0,62070080,625042.0,62
62077.0,62077005,620231.0,62
62077.0,62077010,-99.0,62
62077.0,62077020,-99.0,62
62077.0,62077030,620231.0,62
62077.0,62077040,620238.0,62
62077.0,62077045,620231.0,62
62077.0,62077050,620231.0,62
62077.0,62077060,620238.0,62
62084.0,62084010,625168.0,62
62084.0,62084020,625147.0,62
62084.0,62084030,625154.0,62
62084.0,62084040,625182.0,62
62084.0,62084050,625189.0,62
62084.0,62084060,620245.0,62
62091.0,62091010,625196.0,62
62091.0,62091020,625217.0,62
62091.0,62091030,625203.0,62
62091.0,62091040,625224.0,62
62091.0,62091050,620252.0,62
62091.0,62091060,620259.0,62
62091.0,62091070,620266.0,62
62091.0,62091080,-99.0,62
62091.0,62091090,625252.0,62
66007.0,66007010,660007.0,66
66007.0,66007020,660028.0,66
66007.0,66007030,660028.0,66
66007.0,66007040,660007.0,66
66007.0,66007050,660028.0,66
66007.0,66007060,660014.0,66
66007.0,66007070,660014.0,66
66007.0,66007080,660021.0,66
66007.0,66007090,660028.0,66
66007.0,66007100,660035.0,66
66007.0,66007110,660021.0,66
66007.0,66007120,660014.0,66
66007.0,66007130,660014.0,66
66007.0,66007140,660028.0,66
66007.0,66007150,660035.0,66
66007.0,66007160,660014.0,66
66014.0,66014010,660042.0,66
66014.0,66014020,660049.0,66
66021.0,66021010,660056.0,66
66021.0,66021020,660056.0,66
66028.0,66028010,660070.0,66
66028.0,66028030,660070.0,66
66028.0,66028040,660070.0,66
66028.0,66028050,660063.0,66
66028.0,66028060,660070.0,66
66035.0,66035010,660077.0,66
66035.0,66035020,660084.0,66
66035.0,66035030,660084.0,66
66035.0,66035040,660077.0,66
66042.0,66042003,660091.0,66
66042.0,66042005,660091.0,66
66042.0,66042007,660091.0,66
66042.0,66042010,660091.0,66
66042.0,66042020,660098.0,66
66049.0,66049010,660105.0,66
66049.0,66049020,660105.0,66
66049.0,66049030,660112.0,66
66049.0,66049040,660119.0,66
66056.0,66056010,660126.0,66
66056.0,66056020,660147.0,66
66056.0,66056030,660133.0,66
66056.0,66056040,660154.0,66
66056.0,66056050,660126.0,66
66056.0,66056060,660133.0,66
66056.0,66056070,660147.0,66
66056.0,66056080,660133.0,66
66056.0,66056090,660133.0,66
66056.0,66056100,660140.0,66
66056.0,66056110,660147.0,66
66056.0,66056120,660133.0,66
66056.0,66056130,660133.0,66
66056.0,66056140,660161.0,66
66056.0,66056150,660161.0,66
66056.0,66056170,660161.0,66
66056.0,66056180,660133.0,66
66056.0,66056190,660126.0,66
66056.0,66056200,-99.0,66
66056.0,66056220,660161.0,66
66056.0,66056230,660126.0,66
66056.0,66056240,660161.0,66
66063.0,66063010,660168.0,66
66070.0,66070010,660175.0,66
66070.0,66070020,660182.0,66
66070.0,66070030,660175.0,66
66077.0,66077010,660189.0,66
66077.0,66077020,660196.0,66
66084.0,66084010,660203.0,66
66084.0,66084020,660210.0,66
66084.0,66084030,660217.0,66
66091.0,66091010,660224.0,66
66091.0,66091020,660224.0,66
66098.0,66098010,660238.0,66
66098.0,66098020,660168.0,66
66098.0,66098030,660231.0,66
66098.0,66098040,660238.0,66
66098.0,66098050,660238.0,66
66105.0,66105010,386168.0,66
66105.0,66105020,660245.0,66
66105.0,66105030,660245.0,66
66105.0,66105040,660252.0,66
66112.0,66112010,660259.0,66
66112.0,66112020,660259.0,66
66112.0,66112030,660280.0,66
66112.0,66112040,660266.0,66
66112.0,66112050,660266.0,66
66112.0,66112070,660280.0,66
66112.0,66112080,660259.0,66
66119.0,66119010,660273.0,66
66119.0,66119020,660273.0,66
66119.0,66119030,660287.0,66
66126.0,66126020,660294.0,66
66056.0,66056250,660161.0,66
66126.0,66126030,660301.0,66
66126.0,66126040,660301.0,66
66126.0,66126060,660308.0,66
66126.0,66126070,660315.0,66
66126.0,66126080,660322.0,66
66133.0,66133010,660343.0,66
66133.0,66133020,660329.0,66
66133.0,66133030,660329.0,66
66133.0,66133035,660343.0,66
66133.0,66133040,660336.0,66
66133.0,66133050,660329.0,66
66133.0,66133060,660329.0,66
66133.0,66133070,660336.0,66
66133.0,66133080,660343.0,66
66133.0,66133090,660336.0,66
66133.0,66133100,660343.0,66
66140.0,66140010,660350.0,66
66140.0,66140020,660350.0,66
66140.0,66140030,660357.0,66
66140.0,66140040,660350.0,66
66140.0,66140050,660357.0,66
66140.0,66140060,660357.0,66
66147.0,66147010,660364.0,66
66147.0,66147015,660371.0,66
66147.0,66147020,660364.0,66
66147.0,66147030,660371.0,66
66154.0,66154010,660378.0,66
66154.0,66154020,660385.0,66
66154.0,66154030,660385.0,66
66154.0,66154040,660392.0,66
66161.0,66161010,660413.0,66
66161.0,66161020,660406.0,66
66161.0,66161030,660399.0,66
66161.0,66161040,660406.0,66
66161.0,66161050,660406.0,66
66161.0,66161060,660406.0,66
66161.0,66161070,660413.0,66
70007.0,70007010,700007.0,70
70007.0,70007020,700007.0,70
70014.0,70014010,700014.0,70
70014.0,70014020,700014.0,70
70021.0,70021010,700021.0,70
70021.0,70021020,700021.0,70
70021.0,70021030,700021.0,70
70028.0,70028010,700028.0,70
70035.0,70035010,700035.0,70
70035.0,70035015,700035.0,70
70035.0,70035020,700035.0,70
70035.0,70035030,700035.0,70
70035.0,70035040,700035.0,70
70035.0,70035050,700035.0,70
70035.0,70035060,700035.0,70
70035.0,70035070,700035.0,70
70035.0,70035080,700035.0,70
70042.0,70042010,700042.0,70
70049.0,70049010,700049.0,70
70049.0,70049020,700049.0,70
70049.0,70049030,700049.0,70
70049.0,70049040,700049.0,70
70049.0,70049050,700049.0,70
70049.0,70049060,700049.0,70
70049.0,70049070,700049.0,70
70056.0,70056010,700056.0,70
70056.0,70056020,700056.0,70
70056.0,70056030,700056.0,70
70056.0,70056040,700056.0,70
70056.0,70056050,700056.0,70
70056.0,70056060,700056.0,70
70056.0,70056070,700056.0,70
70056.0,70056080,700056.0,70
70056.0,70056090,700056.0,70
70056.0,70056100,700056.0,70
70056.0,70056110,700056.0,70
70063.0,70063010,700063.0,70
70063.0,70063020,700063.0,70
70063.0,70063030,700063.0,70
70063.0,70063040,700063.0,70
70070.0,70070005,700070.0,70
70070.0,70070010,700070.0,70
70070.0,70070020,700070.0,70
70070.0,70070025,700070.0,70
70070.0,70070030,700070.0,70
70070.0,70070040,700070.0,70
70070.0,70070050,700070.0,70
70070.0,70070060,700070.0,70
70077.0,70077010,700077.0,70
70077.0,70077020,700077.0,70
70084.0,70084010,700084.0,70
70091.0,70091010,700091.0,70
70091.0,70091020,700091.0,70
70091.0,70091030,700091.0,70
70091.0,70091040,700091.0,70
70091.0,70091050,700091.0,70
70091.0,70091060,700091.0,70
70091.0,70091070,700091.0,70
70098.0,70098010,700098.0,70
70105.0,70105010,700105.0,70
70105.0,70105020,700105.0,70
70105.0,70105030,700105.0,70
70105.0,70105040,700105.0,70
70105.0,70105050,700105.0,70
70105.0,70105060,700105.0,70
70105.0,70105070,700105.0,70
70105.0,70105080,700105.0,70
70105.0,70105090,700105.0,70
70105.0,70105100,700105.0,70
70112.0,70112010,700112.0,70
70119.0,70119010,700119.0,70
70119.0,70119020,700119.0,70
70119.0,70119030,700119.0,70
70119.0,70119040,700119.0,70
70119.0,70119050,700119.0,70
70119.0,70119060,700119.0,70
70126.0,70126010,700126.0,70
70126.0,70126020,700126.0,70
70126.0,70126030,700126.0,70
70126.0,70126040,700126.0,70
70126.0,70126050,700126.0,70
70133.0,70133010,700133.0,70
74007.0,74007010,740007.0,74
74007.0,74007030,746007.0,74
74007.0,74007040,740014.0,74
74007.0,74007050,740021.0,74
74007.0,74007070,740028.0,74
74014.0,74014010,746014.0,74
74014.0,74014020,746021.0,74
74014.0,74014030,746028.0,74
74014.0,74014040,740035.0,74
74021.0,74021010,746035.0,74
74021.0,74021020,746042.0,74
74021.0,74021025,740038.0,74
74021.0,74021030,746049.0,74
74021.0,74021040,-99.0,74
74021.0,74021050,746042.0,74
74021.0,74021060,740042.0,74
74021.0,74021070,746042.0,74
74021.0,74021080,746042.0,74
74021.0,74021090,746063.0,74
74028.0,74028010,740049.0,74
74028.0,74028020,746070.0,74
74028.0,74028030,740056.0,74
74028.0,74028040,746077.0,74
74028.0,74028050,746084.0,74
74028.0,74028060,746091.0,74
74028.0,74028070,740063.0,74
74028.0,74028080,746098.0,74
74028.0,74028090,746105.0,74
74035.0,74035010,749119.0,74
74035.0,74035020,746126.0,74
74035.0,74035030,740070.0,74
74035.0,74035040,746133.0,74
74035.0,74035050,746140.0,74
74035.0,74035055,740073.0,74
74035.0,74035060,746112.0,74
74035.0,74035070,740077.0,74
74035.0,74035080,-99.0,74
74035.0,74035090,740070.0,74
74042.0,74042010,746147.0,74
74042.0,74042020,746154.0,74
74042.0,74042030,746161.0,74
74042.0,74042040,746168.0,74
74042.0,74042050,740084.0,74
74042.0,74042060,749175.0,74
74042.0,74042070,749182.0,74
74042.0,74042080,-99.0,74
74042.0,74042090,-99.0,74
74042.0,74042100,-99.0,74
74042.0,74042110,-99.0,74
74042.0,74042120,746189.0,74
74042.0,74042130,746196.0,74
74042.0,74042140,740091.0,74
74049.0,74049010,746203.0,74
74049.0,74049020,740105.0,74
74049.0,74049030,746210.0,74
74049.0,74049040,-99.0,74
74049.0,74049050,746217.0,74
74049.0,74049060,740105.0,74
74049.0,74049070,740098.0,74
74049.0,74049080,746224.0,74
74056.0,74056010,-99.0,74
74056.0,74056020,746238.0,74
74056.0,74056030,746245.0,74
74056.0,74056040,746252.0,74
74056.0,74056050,746280.0,74
74056.0,74056060,-99.0,74
74056.0,74056070,740108.0,74
74056.0,74056080,746259.0,74
74056.0,74056090,740108.0,74
74056.0,74056100,740119.0,74
74056.0,74056105,749007.0,74
74056.0,74056110,-99.0,74
74056.0,74056120,746266.0,74
74056.0,74056130,746245.0,74
74056.0,74056140,746273.0,74
74056.0,74056150,740133.0,74
74056.0,74056160,746280.0,74
74063.0,74063010,746287.0,74
74063.0,74063020,746294.0,74
74063.0,74063030,746301.0,74
74063.0,74063040,746308.0,74
74063.0,74063050,746315.0,74
74063.0,74063060,-99.0,74
74063.0,74063070,740140.0,74
74063.0,74063080,746322.0,74
78007.0,78007010,-99.0,78
78007.0,78007020,-99.0,78
78014.0,78014010,-99.0,78
78014.0,78014020,-99.0,78
78014.0,78014030,-99.0,78
78014.0,78014040,-99.0,78
78014.0,78014050,-99.0,78
78014.0,78014060,-99.0,78
78014.0,78014070,-99.0,78
78014.0,78014080,-99.0,78
78014.0,78014090,-99.0,78
78021.0,78021010,-99.0,78
78021.0,78021020,-99.0,78
78021.0,78021030,-99.0,78
78021.0,78021040,-99.0,78
78021.0,78021050,-99.0,78
78021.0,78021060,-99.0,78
78021.0,78021070,-99.0,78
78028.0,78028010,-99.0,78
78028.0,78028020,-99.0,78
78028.0,78028030,-99.0,78
78035.0,78035010,-99.0,78
78035.0,78035020,-99.0,78
78042.0,78042010,-99.0,78
78049.0,78049010,-99.0,78
78049.0,78049020,-99.0,78
78049.0,78049030,-99.0,78
82007.0,82007010,820007.0,82
82007.0,82007020,822007.0,82
82007.0,82007030,820014.0,82
82007.0,82007040,820021.0,82
82007.0,82007050,822014.0,82
82007.0,82007060,822021.0,82
82014.0,82014010,822028.0,82
82014.0,82014020,822035.0,82
82014.0,82014030,822042.0,82
82014.0,82014040,822049.0,82
82014.0,82014050,820028.0,82
82014.0,82014060,822056.0,82
82014.0,82014070,822063.0,82
82014.0,82014080,822070.0,82
82014.0,82014090,822077.0,82
82014.0,82014100,822091.0,82
82014.0,82014110,822084.0,82
82014.0,82014120,822091.0,82
82014.0,82014130,822098.0,82
82014.0,82014140,822105.0,82
82021.0,82021010,822147.0,82
82021.0,82021020,822112.0,82
82021.0,82021030,822119.0,82
82021.0,82021040,822126.0,82
82021.0,82021050,822280.0,82
82021.0,82021060,822133.0,82
82021.0,82021070,822140.0,82
82021.0,82021080,822168.0,82
82021.0,82021090,822154.0,82
82021.0,82021100,822175.0,82
82021.0,82021110,822189.0,82
82021.0,82021120,822196.0,82
82021.0,82021130,822203.0,82
82021.0,82021140,822210.0,82
82021.0,82021150,822217.0,82
82021.0,82021160,822224.0,82
82021.0,82021170,822336.0,82
82021.0,82021180,822231.0,82
82021.0,82021190,822238.0,82
82021.0,82021200,820035.0,82
82021.0,82021210,822259.0,82
82021.0,82021220,822273.0,82
82021.0,82021230,822280.0,82
82021.0,82021240,822287.0,82
82021.0,82021250,822294.0,82
82021.0,82021260,822287.0,82
82021.0,82021270,822308.0,82
82021.0,82021280,822336.0,82
82021.0,82021290,822315.0,82
82021.0,82021300,822322.0,82
82021.0,82021310,820042.0,82
82021.0,82021320,822329.0,82
82021.0,82021330,822343.0,82
82021.0,82021340,822350.0,82
82021.0,82021350,822357.0,82
82021.0,82021360,820049.0,82
82021.0,82021370,822364.0,82
82021.0,82021380,822371.0,82
82021.0,82021390,822385.0,82
82021.0,82021400,820035.0,82
82021.0,82021410,822392.0,82
82021.0,82021420,822399.0,82
82021.0,82021430,822406.0,82
82028.0,82028010,822413.0,82
82028.0,82028020,820056.0,82
82028.0,82028030,822490.0,82
82028.0,82028040,822420.0,82
82028.0,82028050,822427.0,82
82028.0,82028060,822434.0,82
82028.0,82028070,822441.0,82
82028.0,82028080,820063.0,82
82028.0,82028090,822448.0,82
82028.0,82028100,822455.0,82
82028.0,82028110,822462.0,82
82028.0,82028120,822469.0,82
82028.0,82028130,822476.0,82
82028.0,82028140,822483.0,82
82028.0,82028150,822490.0,82
82028.0,82028160,822497.0,82
82028.0,82028170,822504.0,82
82028.0,82028180,822511.0,82
82028.0,82028190,822518.0,82
82028.0,82028200,822525.0,82
82028.0,82028210,822434.0,82
82028.0,82028220,822532.0,82
82028.0,82028230,820056.0,82
82035.0,82035010,822539.0,82
82035.0,82035020,822553.0,82
82035.0,82035030,822567.0,82
82035.0,82035040,822560.0,82
82035.0,82035050,822567.0,82
82042.0,82042010,822574.0,82
82042.0,82042020,822581.0,82
82042.0,82042030,822588.0,82
82042.0,82042040,822595.0,82
82042.0,82042050,822602.0,82
82042.0,82042060,822609.0,82
82042.0,82042070,822616.0,82
82042.0,82042080,822623.0,82
82042.0,82042090,822630.0,82
82042.0,82042100,822637.0,82
82042.0,82042110,822644.0,82
82042.0,82042120,820063.0,82
82042.0,82042130,822651.0,82
82042.0,82042140,822658.0,82
82042.0,82042150,822665.0,82
82042.0,82042160,822672.0,82
82042.0,82042170,822679.0,82
82042.0,82042180,822686.0,82
82042.0,82042190,822693.0,82
82042.0,82042200,822700.0,82
82042.0,82042210,822707.0,82
82042.0,82042220,820070.0,82
82042.0,82042230,822714.0,82
82042.0,82042240,822721.0,82
82042.0,82042250,822728.0,82
82042.0,82042260,822735.0,82
82042.0,82042270,822742.0,82
82042.0,82042280,822749.0,82
82042.0,82042290,820277.0,82
82042.0,82042300,820084.0,82
82042.0,82042310,822756.0,82
82049.0,82049010,822763.0,82
82049.0,82049020,820091.0,82
82049.0,82049030,822770.0,82
82049.0,82049040,822777.0,82
82049.0,82049050,822784.0,82
82049.0,82049060,822798.0,82
82049.0,82049070,822805.0,82
82049.0,82049080,822812.0,82
82049.0,82049090,-99.0,82
82049.0,82049100,822819.0,82
82049.0,82049110,822826.0,82
82049.0,82049120,822833.0,82
82049.0,82049130,820098.0,82
82049.0,82049140,822840.0,82
82049.0,82049150,820105.0,82
82049.0,82049160,822819.0,82
82049.0,82049170,820112.0,82
82049.0,82049180,820112.0,82
82049.0,82049190,822854.0,82
82049.0,82049200,822861.0,82
82049.0,82049210,822868.0,82
82049.0,82049220,822875.0,82
82049.0,82049230,-99.0,82
82056.0,82056010,820133.0,82
82056.0,82056020,822882.0,82
82056.0,82056030,820126.0,82
82056.0,82056040,822889.0,82
82056.0,82056050,822896.0,82
82056.0,82056060,820133.0,82
82056.0,82056070,822903.0,82
82056.0,82056080,820133.0,82
82056.0,82056090,822910.0,82
82056.0,82056100,822917.0,82
82056.0,82056110,822924.0,82
82056.0,82056120,822931.0,82
82056.0,82056130,822938.0,82
82056.0,82056140,820133.0,82
82056.0,82056150,822945.0,82
82056.0,82056160,822917.0,82
82056.0,82056170,822924.0,82
82063.0,82063010,823001.0,82
82063.0,82063020,822952.0,82
82063.0,82063030,822959.0,82
82063.0,82063040,822966.0,82
82063.0,82063050,822973.0,82
82063.0,82063060,822980.0,82
82063.0,82063070,822987.0,82
82063.0,82063080,820140.0,82
82063.0,82063090,822994.0,82
82063.0,82063100,823001.0,82
82063.0,82063110,823008.0,82
82063.0,82063120,823001.0,82
82063.0,82063130,823001.0,82
82063.0,82063140,820144.0,82
82063.0,82063150,822959.0,82
82063.0,82063160,823022.0,82
82063.0,82063170,820147.0,82
82063.0,82063180,820154.0,82
82063.0,82063190,823029.0,82
82063.0,82063200,822952.0,82
82070.0,82070010,823036.0,82
82070.0,82070020,823050.0,82
82070.0,82070030,823057.0,82
82070.0,82070040,823064.0,82
82070.0,82070050,820161.0,82
82070.0,82070060,823071.0,82
82070.0,82070070,823078.0,82
82070.0,82070080,823085.0,82
82070.0,82070090,823092.0,82
82070.0,82070100,823099.0,82
82070.0,82070110,823113.0,82
82070.0,82070120,823120.0,82
82070.0,82070130,823127.0,82
82070.0,82070140,823134.0,82
82070.0,82070150,823141.0,82
82070.0,82070160,823148.0,82
82070.0,82070170,823155.0,82
82070.0,82070180,823141.0,82
82070.0,82070190,823162.0,82
82070.0,82070200,823169.0,82
82070.0,82070210,823190.0,82
82070.0,82070220,823197.0,82
82070.0,82070230,820168.0,82
82070.0,82070240,823204.0,82
82070.0,82070250,823211.0,82
82070.0,82070260,823218.0,82
82070.0,82070270,823225.0,82
82070.0,82070280,823232.0,82
82070.0,82070290,823239.0,82
82070.0,82070300,823260.0,82
82070.0,82070310,823267.0,82
82077.0,82077010,823281.0,82
82077.0,82077020,823288.0,82
82077.0,82077030,823295.0,82
82077.0,82077040,823309.0,82
82077.0,82077050,823316.0,82
82077.0,82077060,823323.0,82
82077.0,82077065,823330.0,82
82077.0,82077070,823337.0,82
82077.0,82077080,820175.0,82
82077.0,82077090,823344.0,82
82084.0,82084010,823351.0,82
82084.0,82084020,823358.0,82
82084.0,82084030,823365.0,82
82084.0,82084040,823372.0,82
82084.0,82084050,823372.0,82
82084.0,82084060,823379.0,82
82084.0,82084070,820182.0,82
82084.0,82084080,823386.0,82
82084.0,82084090,823393.0,82
82084.0,82084100,823470.0,82
82084.0,82084110,823386.0,82
82084.0,82084120,823365.0,82
82084.0,82084130,823400.0,82
82084.0,82084140,820189.0,82
82084.0,82084150,823407.0,82
82084.0,82084160,820196.0,82
82084.0,82084170,823414.0,82
82084.0,82084180,823372.0,82
82084.0,82084190,823421.0,82
82084.0,82084200,823372.0,82
82084.0,82084210,820203.0,82
82084.0,82084220,823421.0,82
82084.0,82084230,823428.0,82
82084.0,82084240,823435.0,82
82084.0,82084250,823449.0,82
82084.0,82084260,820182.0,82
82084.0,82084270,-99.0,82
82084.0,82084280,823442.0,82
82084.0,82084290,823456.0,82
82084.0,82084300,823456.0,82
82084.0,82084310,820217.0,82
82084.0,82084320,823463.0,82
82091.0,82091010,823477.0,82
82091.0,82091020,823484.0,82
82091.0,82091030,823491.0,82
82091.0,82091040,823554.0,82
82091.0,82091050,823498.0,82
82091.0,82091060,820224.0,82
82091.0,82091070,823505.0,82
82091.0,82091080,823512.0,82
82091.0,82091090,823519.0,82
82091.0,82091100,823526.0,82
82091.0,82091110,823533.0,82
82091.0,82091120,823547.0,82
82091.0,82091130,823554.0,82
82091.0,82091140,823561.0,82
82091.0,82091145,823575.0,82
82091.0,82091150,823582.0,82
82091.0,82091160,823589.0,82
82091.0,82091170,823596.0,82
82091.0,82091180,823603.0,82
82091.0,82091190,823610.0,82
82091.0,82091200,823624.0,82
82091.0,82091210,823631.0,82
82091.0,82091220,820231.0,82
82091.0,82091230,823645.0,82
82091.0,82091240,823652.0,82
82091.0,82091250,823659.0,82
82091.0,82091260,823666.0,82
82091.0,82091270,823673.0,82
82091.0,82091280,823680.0,82
82098.0,82098010,823687.0,82
82098.0,82098020,823694.0,82
82098.0,82098030,823701.0,82
82098.0,82098040,823708.0,82
82098.0,82098050,823715.0,82
82098.0,82098060,820238.0,82
82105.0,82105010,823722.0,82
82105.0,82105020,823827.0,82
82105.0,82105030,823729.0,82
82105.0,82105040,823764.0,82
82105.0,82105050,823722.0,82
82105.0,82105060,823736.0,82
82105.0,82105070,823750.0,82
82105.0,82105080,823757.0,82
82105.0,82105090,820245.0,82
82105.0,82105100,823764.0,82
82105.0,82105110,823771.0,82
82105.0,82105120,823778.0,82
82105.0,82105130,820252.0,82
82105.0,82105140,823785.0,82
82105.0,82105150,823792.0,82
82105.0,82105160,823799.0,82
82105.0,82105170,823806.0,82
82105.0,82105180,823813.0,82
82105.0,82105190,823820.0,82
82105.0,82105200,823827.0,82
82105.0,82105210,823729.0,82
82105.0,82105220,823834.0,82
82105.0,82105230,823841.0,82
82105.0,82105240,820256.0,82
82105.0,82105250,820256.0,82
82112.0,82112010,823862.0,82
82112.0,82112020,823869.0,82
82112.0,82112030,823876.0,82
82112.0,82112040,823883.0,82
82112.0,82112050,823890.0,82
82112.0,82112060,823904.0,82
82112.0,82112070,823911.0,82
82112.0,82112080,823918.0,82
82112.0,82112090,823925.0,82
82112.0,82112100,823932.0,82
82112.0,82112110,823939.0,82
82112.0,82112120,823946.0,82
82112.0,82112130,820259.0,82
82112.0,82112140,823953.0,82
82112.0,82112150,823960.0,82
82112.0,82112160,823967.0,82
82112.0,82112170,823974.0,82
82119.0,82119010,823981.0,82
82119.0,82119020,820266.0,82
82119.0,82119030,820273.0,82
82119.0,82119040,823988.0,82
82119.0,82119050,820280.0,82
82119.0,82119060,823995.0,82
82119.0,82119070,824002.0,82
82119.0,82119080,-99.0,82
82119.0,82119090,824009.0,82
82119.0,82119100,824016.0,82
82119.0,82119110,820294.0,82
82119.0,82119120,824023.0,82
82119.0,82119130,820301.0,82
82119.0,82119140,824030.0,82
82119.0,82119150,824030.0,82
82119.0,82119160,824037.0,82
82126.0,82126010,824044.0,82
82126.0,82126020,824051.0,82
82126.0,82126030,824058.0,82
82126.0,82126040,824065.0,82
82126.0,82126050,824072.0,82
82126.0,82126060,824079.0,82
82126.0,82126070,820308.0,82
82126.0,82126080,824086.0,82
82126.0,82126090,824093.0,82
82126.0,82126100,824100.0,82
82126.0,82126110,824107.0,82
82126.0,82126120,824114.0,82
82126.0,82126130,824121.0,82
82126.0,82126140,820315.0,82
82126.0,82126150,824128.0,82
82126.0,82126160,820322.0,82
82126.0,82126170,824135.0,82
82126.0,82126180,824072.0,82
82133.0,82133010,820329.0,82
82133.0,82133020,824142.0,82
82133.0,82133030,824170.0,82
82133.0,82133040,824149.0,82
82133.0,82133050,824156.0,82
82133.0,82133060,824163.0,82
82133.0,82133070,824170.0,82
82133.0,82133080,824156.0,82
82133.0,82133090,824177.0,82
82133.0,82133100,824184.0,82
82133.0,82133110,824191.0,82
82133.0,82133120,824149.0,82
82133.0,82133130,824156.0,82
82133.0,82133140,820336.0,82
82133.0,82133150,824198.0,82
82133.0,82133160,824205.0,82
82133.0,82133170,820336.0,82
86007.0,86007010,-99.0,86
86007.0,86007020,-99.0,86
86007.0,86007030,-99.0,86
86007.0,86007040,-99.0,86
86014.0,86014010,-99.0,86
86014.0,86014020,-99.0,86
86014.0,86014030,-99.0,86
86014.0,86014040,-99.0,86
86014.0,86014050,-99.0,86
86021.0,86021010,-99.0,86
86021.0,86021020,-99.0,86
86021.0,86021030,-99.0,86
86028.0,86028010,-99.0,86
86028.0,86028020,-99.0,86
86028.0,86028030,-99.0,86
86028.0,86028040,-99.0,86
86028.0,86028050,-99.0,86
86028.0,86028060,-99.0,86
86035.0,86035010,-99.0,86
86035.0,86035020,-99.0,86
86035.0,86035030,-99.0,86
86035.0,86035040,-99.0,86
86035.0,86035050,-99.0,86
86035.0,86035060,-99.0,86
86035.0,86035070,-99.0,86
86035.0,86035080,-99.0,86
86035.0,86035090,-99.0,86
86035.0,86035100,-99.0,86
86035.0,86035110,-99.0,86
86035.0,86035120,-99.0,86
86035.0,86035130,-99.0,86
86035.0,86035140,-99.0,86
86035.0,86035150,-99.0,86
86042.0,86042010,-99.0,86
86042.0,86042020,-99.0,86
86042.0,86042030,-99.0,86
86042.0,86042040,-99.0,86
86049.0,86049010,-99.0,86
86049.0,86049020,-99.0,86
86049.0,86049030,-99.0,86
86049.0,86049040,-99.0,86
86049.0,86049050,-99.0,86
86049.0,86049060,-99.0,86
86049.0,86049070,-99.0,86
86049.0,86049080,-99.0,86
86049.0,86049090,-99.0,86
86049.0,86049100,-99.0,86
86049.0,86049110,-99.0,86
86049.0,86049120,-99.0,86
86049.0,86049130,-99.0,86
86056.0,86056010,-99.0,86
86056.0,86056020,-99.0,86
86056.0,86056030,-99.0,86
86056.0,86056040,-99.0,86
86056.0,86056050,-99.0,86
86056.0,86056060,-99.0,86
86056.0,86056070,-99.0,86
86056.0,86056080,-99.0,86
86056.0,86056090,-99.0,86
86063.0,86063010,-99.0,86
86063.0,86063020,-99.0,86
86063.0,86063030,-99.0,86
86063.0,86063040,-99.0,86
86063.0,86063050,-99.0,86
86063.0,86063070,-99.0,86
86063.0,86063080,-99.0,86
86063.0,86063090,-99.0,86
86070.0,86070010,-99.0,86
86070.0,86070020,-99.0,86
86070.0,86070030,-99.0,86
86070.0,86070040,-99.0,86
86070.0,86070050,-99.0,86
86070.0,86070060,-99.0,86
86070.0,86070070,-99.0,86
86070.0,86070080,-99.0,86
86070.0,86070090,-99.0,86
86070.0,86070100,-99.0,86
86077.0,86077010,-99.0,86
86077.0,86077020,-99.0,86
86077.0,86077030,-99.0,86
86077.0,86077040,-99.0,86
86077.0,86077050,-99.0,86
86077.0,86077060,-99.0,86
86084.0,86084010,100217.0,86
86084.0,86084020,100217.0,86
86091.0,86091005,-99.0,86
86091.0,86091010,-99.0,86
86091.0,86091020,-99.0,86
86091.0,86091030,-99.0,86
86091.0,86091040,-99.0,86
86091.0,86091050,-99.0,86
86091.0,86091060,-99.0,86
86091.0,86091070,-99.0,86
86091.0,86091080,-99.0,86
86098.0,86098010,-99.0,86
86098.0,86098020,-99.0,86
86098.0,86098030,-99.0,86
86098.0,86098040,-99.0,86
86098.0,86098050,-99.0,86
86098.0,86098060,-99.0,86
86105.0,86105010,-99.0,86
86112.0,86112010,-99.0,86
86119.0,86119010,-99.0,86
86119.0,86119020,-99.0,86
86119.0,86119030,-99.0,86
86119.0,86119040,-99.0,86
86119.0,86119050,-99.0,86
86119.0,86119060,-99.0,86
86119.0,86119070,-99.0,86
86119.0,86119080,-99.0,86
86119.0,86119090,-99.0,86
86119.0,86119100,-99.0,86
86119.0,86119110,-99.0,86
86119.0,86119120,-99.0,86
86119.0,86119130,-99.0,86
86126.0,86126010,-99.0,86
86126.0,86126020,-99.0,86
86126.0,86126030,-99.0,86
86133.0,86133010,-99.0,86
86133.0,86133020,-99.0,86
86133.0,86133030,-99.0,86
86133.0,86133040,-99.0,86
86133.0,86133050,-99.0,86
86133.0,86133060,-99.0,86
86140.0,86140010,-99.0,86
86140.0,86140020,-99.0,86
86140.0,86140030,-99.0,86
86147.0,86147010,-99.0,86
86147.0,86147020,-99.0,86
86147.0,86147030,-99.0,86
86147.0,86147040,-99.0,86
86147.0,86147050,-99.0,86
86147.0,86147060,-99.0,86
86147.0,86147070,-99.0,86
86147.0,86147080,-99.0,86
86147.0,86147090,-99.0,86
86147.0,86147100,-99.0,86
86147.0,86147110,-99.0,86
86147.0,86147120,-99.0,86
86147.0,86147130,-99.0,86
86147.0,86147140,-99.0,86
86147.0,86147150,-99.0,86
86147.0,86147160,-99.0,86
86147.0,86147170,-99.0,86
86154.0,86154010,-99.0,86
86154.0,86154020,-99.0,86
86154.0,86154030,-99.0,86
86161.0,86161020,-99.0,86
86161.0,86161030,-99.0,86
86161.0,86161040,-99.0,86
86161.0,86161050,-99.0,86
86168.0,86168010,-99.0,86
86168.0,86168020,-99.0,86
86168.0,86168030,-99.0,86
86175.0,86175010,-99.0,86
86175.0,86175020,-99.0,86
86175.0,86175030,-99.0,86
86175.0,86175040,-99.0,86
86182.0,86182010,-99.0,86
86189.0,86189010,-99.0,86
86189.0,86189020,-99.0,86
86189.0,86189030,-99.0,86
86189.0,86189040,-99.0,86
86189.0,86189050,-99.0,86
90007.0,90007010,908021.0,90
90007.0,90007020,908014.0,90
90007.0,90007060,908014.0,90
86161.0,86161010,-99.0,86
90007.0,90007030,908021.0,90
90007.0,90007040,908042.0,90
90007.0,90007050,908056.0,90
90007.0,90007070,908049.0,90
90007.0,90007080,908007.0,90
90007.0,90007090,908063.0,90
90007.0,90007100,900007.0,90
90007.0,90007110,908070.0,90
90014.0,90014010,900021.0,90
90014.0,90014020,900028.0,90
90014.0,90014040,908077.0,90
90014.0,90014050,908133.0,90
90014.0,90014060,908084.0,90
90014.0,90014070,908091.0,90
90014.0,90014080,908105.0,90
90014.0,90014090,908112.0,90
90014.0,90014100,908140.0,90
90014.0,90014110,900028.0,90
90014.0,90014120,908147.0,90
90014.0,90014130,908154.0,90
90021.0,90021010,908161.0,90
90021.0,90021020,908168.0,90
90021.0,90021030,908175.0,90
90021.0,90021040,908175.0,90
90021.0,90021050,900035.0,90
90021.0,90021060,900035.0,90
90021.0,90021070,908189.0,90
90021.0,90021080,908196.0,90
90028.0,90028010,900042.0,90
90028.0,90028020,900042.0,90
90028.0,90028030,900042.0,90
90028.0,90028040,900042.0,90
90035.0,90035010,900049.0,90
90035.0,90035020,908203.0,90
90035.0,90035030,908210.0,90
90042.0,90042010,900056.0,90
90042.0,90042020,908224.0,90
90070.0,90070060,908427.0,90
90070.0,90070070,908434.0,90
90070.0,90070080,908441.0,90
90070.0,90070090,908448.0,90
90070.0,90070100,908455.0,90
90077.0,90077010,900091.0,90
90077.0,90077020,908469.0,90
90077.0,90077030,908483.0,90
90077.0,90077040,908483.0,90
90077.0,90077050,908483.0,90
90084.0,90084010,900014.0,90
90091.0,90091010,908490.0,90
90091.0,90091020,908518.0,90
90091.0,90091030,908532.0,90
90091.0,90091040,908546.0,90
90091.0,90091050,900098.0,90
90049.0,90049010,900063.0,90
90049.0,90049020,908259.0,90
90056.0,90056010,900070.0,90
90056.0,90056020,908294.0,90
90056.0,90056030,908315.0,90
90056.0,90056040,908322.0,90
90056.0,90056050,908329.0,90
90056.0,90056060,908336.0,90
90056.0,90056070,908343.0,90
90056.0,90056080,908329.0,90
90056.0,90056090,908350.0,90
90063.0,90063010,900014.0,90
90063.0,90063020,908357.0,90
90063.0,90063030,908371.0,90
90063.0,90063040,900077.0,90
90063.0,90063050,900077.0,90
90070.0,90070010,908378.0,90
90070.0,90070020,908392.0,90
90070.0,90070030,900084.0,90
90070.0,90070040,908406.0,90
90070.0,90070050,908420.0,90
90091.0,90091060,908553.0,90
90098.0,90098010,908567.0,90
90098.0,90098020,908574.0,90
90098.0,90098030,908581.0,90
90098.0,90098040,900105.0,90
90105.0,90105010,908616.0,90
90105.0,90105020,900119.0,90
90105.0,90105030,908616.0,90
90105.0,90105040,900119.0,90
90105.0,90105050,900119.0,90
90105.0,90105060,900119.0,90
90105.0,90105070,908602.0,90
90105.0,90105080,900119.0,90
90105.0,90105090,900119.0,90
90105.0,90105100,900112.0,90
90112.0,90112010,908623.0,90
90112.0,90112020,908630.0,90
90112.0,90112030,900126.0,90
90119.0,90119010,908560.0,90
90119.0,90119020,908644.0,90
90119.0,90119030,908560.0,90
94015.0,94015010,-99.0,94
94015.0,94015020,940014.0,94
94008.0,94008010,940007.0,94
94008.0,94008020,942007.0,94
